[
    {
        "id": 0,
        "name": {
            "EN": "Antidote Jewel",
            "FR": "Joyau antidote",
            "JP": "耐毒珠【1】",
            "IT": "Gioiello resistenza veleno 1",
            "DE": "Gegengift-Juwel",
            "KR": "내독주 [1]",
            "CN": "耐毒珠【1】"
        },
        "rarity": 5,
        "slotSize": 1,
        "abilityIds": [
            0
        ]
    },
    {
        "id": 1,
        "name": {
            "EN": "Geology Jewel",
            "FR": "Joyau géologie",
            "JP": "地学珠【1】",
            "IT": "Gioiello geologo 1",
            "DE": "Geologie-Juwel",
            "KR": "지학주 [1]",
            "CN": "地学珠【1】"
        },
        "rarity": 5,
        "slotSize": 1,
        "abilityIds": [
            263
        ]
    },
    {
        "id": 2,
        "name": {
            "EN": "Heavy Artillery Jewel",
            "FR": "Joyau artillerie",
            "JP": "砲手珠【1】",
            "IT": "Gioiello artiglieria pesante 1",
            "DE": "Schwere-Artillerie-Juwel",
            "KR": "포수주 [1]",
            "CN": "砲手珠【1】"
        },
        "rarity": 5,
        "slotSize": 1,
        "abilityIds": [
            192
        ]
    },
    {
        "id": 3,
        "name": {
            "EN": "Hungerless Jewel",
            "FR": "Joyau du spartiate",
            "JP": "無食珠【1】",
            "IT": "Gioiello resistenza fame 1",
            "DE": "Hungerfrei-Juwel",
            "KR": "공복주 [1]",
            "CN": "無食珠【1】"
        },
        "rarity": 5,
        "slotSize": 1,
        "abilityIds": [
            206
        ]
    },
    {
        "id": 4,
        "name": {
            "EN": "Satiated Jewel",
            "FR": "Joyau du parasite",
            "JP": "節食珠【1】",
            "IT": "Gioiello pasto gratuito 1",
            "DE": "Sattes Juwel",
            "KR": "절식주 [1]",
            "CN": "節食珠【1】"
        },
        "rarity": 5,
        "slotSize": 1,
        "abilityIds": [
            233
        ]
    },
    {
        "id": 5,
        "name": {
            "EN": "Protection Jewel",
            "FR": "Joyau de bénédiction",
            "JP": "加護珠【1】",
            "IT": "Gioiello angelo custode 1",
            "DE": "Schutz-Juwel",
            "KR": "가호주 [1]",
            "CN": "加護珠【1】"
        },
        "rarity": 5,
        "slotSize": 1,
        "abilityIds": [
            251
        ]
    },
    {
        "id": 6,
        "name": {
            "EN": "Meowster Jewel",
            "FR": "Joyau Palico",
            "JP": "采配珠【1】",
            "IT": "Gioiello gregario 1",
            "DE": "Miauster-Juwel",
            "KR": "지시주 [1]",
            "CN": "指示珠【1】"
        },
        "rarity": 5,
        "slotSize": 1,
        "abilityIds": [
            254
        ]
    },
    {
        "id": 7,
        "name": {
            "EN": "Botany Jewel",
            "FR": "Joyau du botaniste",
            "JP": "植学珠【1】",
            "IT": "Gioiello botanico 1",
            "DE": "Botanik-Juwel",
            "KR": "식학주 [1]",
            "CN": "植学珠【1】"
        },
        "rarity": 5,
        "slotSize": 1,
        "abilityIds": [
            259
        ]
    },
    {
        "id": 8,
        "name": {
            "EN": "Tip Toe Jewel",
            "FR": "Joyau de furtivité",
            "JP": "潜伏珠【1】",
            "IT": "Gioiello furtivo 1",
            "DE": "Schleich-Juwel",
            "KR": "잠복주 [1]",
            "CN": "潜伏珠【1】"
        },
        "rarity": 5,
        "slotSize": 1,
        "abilityIds": [
            272
        ]
    },
    {
        "id": 9,
        "name": {
            "EN": "Flight Jewel",
            "FR": "Joyau acrobatie",
            "JP": "飛燕珠【2】",
            "IT": "Gioiello minaccia aerea 2",
            "DE": "Flug-Juwel",
            "KR": "비연주 [2]",
            "CN": "飛燕珠【2】"
        },
        "rarity": 5,
        "slotSize": 2,
        "abilityIds": [
            159
        ]
    },
    {
        "id": 10,
        "name": {
            "EN": "Smoke Jewel",
            "FR": "Joyau fumigène",
            "JP": "煙復珠【1】",
            "IT": "Gioiello esperto di spore 1",
            "DE": "Rauch-Juwel",
            "KR": "연복주 [1]",
            "CN": "煙復珠【1】"
        },
        "rarity": 5,
        "slotSize": 1,
        "abilityIds": [
            281
        ]
    },
    {
        "id": 11,
        "name": {
            "EN": "Mirewalker Jewel",
            "FR": "Joyau d'Atlantis",
            "JP": "沼渡珠【1】",
            "IT": "Gioiello esperto acquatico 1",
            "DE": "Sumpfläufer-Juwel",
            "KR": "소도주 [1]",
            "CN": "沼渡珠【1】"
        },
        "rarity": 5,
        "slotSize": 1,
        "abilityIds": [
            284
        ]
    },
    {
        "id": 12,
        "name": {
            "EN": "Specimen Jewel",
            "FR": "Joyau insectoïde",
            "JP": "標本珠【1】",
            "IT": "Gioiello entomologo 1",
            "DE": "Insektenforscher-Juwel",
            "KR": "표본주 [1]",
            "CN": "標本珠【1】"
        },
        "rarity": 5,
        "slotSize": 1,
        "abilityIds": [
            290
        ]
    },
    {
        "id": 13,
        "name": {
            "EN": "Miasma Jewel",
            "FR": "Joyau de pureté",
            "JP": "耐瘴珠【1】",
            "IT": "Gioiello resistenza effluvio 1",
            "DE": "Miasma-Juwel",
            "KR": "내장주 [1]",
            "CN": "耐瘴珠【1】"
        },
        "rarity": 5,
        "slotSize": 1,
        "abilityIds": [
            293
        ]
    },
    {
        "id": 14,
        "name": {
            "EN": "Scent Jewel",
            "FR": "Joyau de prémonition",
            "JP": "嗅覚珠【1】",
            "IT": "Gioiello segugio 1",
            "DE": "Geruchs-Juwel",
            "KR": "후각주 [1]",
            "CN": "嗅覚珠【1】"
        },
        "rarity": 5,
        "slotSize": 1,
        "abilityIds": [
            296
        ]
    },
    {
        "id": 15,
        "name": {
            "EN": "Intimidator Jewel",
            "FR": "Joyau intimidation",
            "JP": "威嚇珠【1】",
            "IT": "Gioiello intimidazione 1",
            "DE": "Einschüchtern-Juwel",
            "KR": "위하주 [1]",
            "CN": "威嚇珠【1】"
        },
        "rarity": 5,
        "slotSize": 1,
        "abilityIds": [
            304
        ]
    },
    {
        "id": 16,
        "name": {
            "EN": "Maintenance Jewel",
            "FR": "Joyau de survie",
            "JP": "整備珠【1】",
            "IT": "Gioiello manutenzione 1",
            "DE": "Wartungs-Juwel",
            "KR": "정비주 [1]",
            "CN": "整備珠【1】"
        },
        "rarity": 5,
        "slotSize": 1,
        "abilityIds": [
            300
        ]
    },
    {
        "id": 17,
        "name": {
            "EN": "Crisis Jewel",
            "FR": "Joyau sauvage",
            "JP": "窮地珠【1】",
            "IT": "Gioiello rianimazione 1",
            "DE": "Krisen-Juwel",
            "KR": "궁지주 [1]",
            "CN": "絕路珠【1】"
        },
        "rarity": 5,
        "slotSize": 1,
        "abilityIds": [
            184
        ]
    },
    {
        "id": 18,
        "name": {
            "EN": "Antipara Jewel",
            "FR": "Joyau antiparalysie",
            "JP": "耐麻珠【1】",
            "IT": "Gioiello resistenza paralisi 1",
            "DE": "Anti-Lähm-Juwel",
            "KR": "내비주 [1]",
            "CN": "耐麻珠【1】"
        },
        "rarity": 5,
        "slotSize": 1,
        "abilityIds": [
            3
        ]
    },
    {
        "id": 19,
        "name": {
            "EN": "Fortitude Jewel",
            "FR": "Joyau de courage",
            "JP": "逆境珠【1】",
            "IT": "Gioiello rafforzamento 1",
            "DE": "Kraft-Juwel",
            "KR": "역경주 [1]",
            "CN": "逆境珠【1】"
        },
        "rarity": 5,
        "slotSize": 1,
        "abilityIds": [
            178
        ]
    },
    {
        "id": 20,
        "name": {
            "EN": "Water Res Jewel",
            "FR": "Joyau étanche",
            "JP": "耐水珠【1】",
            "IT": "Gioiello resistenza acqua 1",
            "DE": "Wasserabwehr-Juwel",
            "KR": "내수주 [1]",
            "CN": "耐水珠【1】"
        },
        "rarity": 5,
        "slotSize": 1,
        "abilityIds": [
            64
        ]
    },
    {
        "id": 21,
        "name": {
            "EN": "Suture Jewel",
            "FR": "Joyau hémostatique",
            "JP": "耐裂珠【1】",
            "IT": "Gioiello resistenza sanguinamento 1",
            "DE": "Naht-Juwel",
            "KR": "내열주 [1]",
            "CN": "耐裂珠【1】"
        },
        "rarity": 5,
        "slotSize": 1,
        "abilityIds": [
            16
        ]
    },
    {
        "id": 22,
        "name": {
            "EN": "Dragon Res Jewel",
            "FR": "Joyau draconien",
            "JP": "耐龍珠【1】",
            "IT": "Gioiello resistenza drago 1",
            "DE": "Drachenabwehr-Juwel",
            "KR": "내룡주 [1]",
            "CN": "耐龍珠【1】"
        },
        "rarity": 5,
        "slotSize": 1,
        "abilityIds": [
            73
        ]
    },
    {
        "id": 23,
        "name": {
            "EN": "Fire Res Jewel",
            "FR": "Joyau ignifuge",
            "JP": "耐火珠【1】",
            "IT": "Gioiello resistenza fuoco 1",
            "DE": "Feuerabwehr-Juwel",
            "KR": "내화주 [1]",
            "CN": "耐火珠【1】"
        },
        "rarity": 5,
        "slotSize": 1,
        "abilityIds": [
            61
        ]
    },
    {
        "id": 24,
        "name": {
            "EN": "Ice Res Jewel",
            "FR": "Joyau antigel",
            "JP": "耐氷珠【1】",
            "IT": "Gioiello resistenza ghiaccio 1",
            "DE": "Eisabwehr-Juwel",
            "KR": "내빙주 [1]",
            "CN": "耐冰珠【1】"
        },
        "rarity": 5,
        "slotSize": 1,
        "abilityIds": [
            67
        ]
    },
    {
        "id": 25,
        "name": {
            "EN": "Def Lock Jewel",
            "FR": "Joyau de fer",
            "JP": "耐防珠【1】",
            "IT": "Gioiello pelle di ferro 1",
            "DE": "Abwehrsperre-Juwel",
            "KR": "내방주 [1]",
            "CN": "耐防珠【1】"
        },
        "rarity": 5,
        "slotSize": 1,
        "abilityIds": [
            19
        ]
    },
    {
        "id": 26,
        "name": {
            "EN": "Thunder Res Jewel",
            "FR": "Joyau isolant",
            "JP": "耐雷珠【1】",
            "IT": "Gioiello resistenza tuono 1",
            "DE": "Donnerabwehr-Juwel",
            "KR": "내뢰주 [1]",
            "CN": "耐雷珠【1】"
        },
        "rarity": 5,
        "slotSize": 1,
        "abilityIds": [
            70
        ]
    },
    {
        "id": 27,
        "name": {
            "EN": "Pep Jewel",
            "FR": "Joyau insomnie",
            "JP": "耐眠珠【1】",
            "IT": "Gioiello resistenza sonno 1",
            "DE": "Pepp-Juwel",
            "KR": "내면주 [1]",
            "CN": "耐眠珠【1】"
        },
        "rarity": 5,
        "slotSize": 1,
        "abilityIds": [
            6
        ]
    },
    {
        "id": 28,
        "name": {
            "EN": "Antiblast Jewel",
            "FR": "Joyau blindage",
            "JP": "耐爆珠【1】",
            "IT": "Gioiello resisitenza scoppio 1",
            "DE": "Anti-Explosion-Juwel",
            "KR": "내폭주 [1]",
            "CN": "耐爆珠【1】"
        },
        "rarity": 5,
        "slotSize": 1,
        "abilityIds": [
            13
        ]
    },
    {
        "id": 29,
        "name": {
            "EN": "Gobbler Jewel",
            "FR": "Joyau Carnassier",
            "JP": "早食珠【1】",
            "IT": "Gioiello pasto veloce 1",
            "DE": "Verschling-Juwel",
            "KR": "속식주 [1]",
            "CN": "快吃珠【1】"
        },
        "rarity": 6,
        "slotSize": 1,
        "abilityIds": [
            234
        ]
    },
    {
        "id": 30,
        "name": {
            "EN": "Physique Jewel",
            "FR": "Joyau athlète",
            "JP": "体術珠【2】",
            "IT": "Gioiello atleta 2",
            "DE": "Figur-Juwel",
            "KR": "체술주 [2]",
            "CN": "体術珠【2】"
        },
        "rarity": 6,
        "slotSize": 2,
        "abilityIds": [
            197
        ]
    },
    {
        "id": 31,
        "name": {
            "EN": "Blaze Jewel",
            "FR": "Joyau de feu",
            "JP": "火炎珠【1】",
            "IT": "Gioiello attacco fuoco 1",
            "DE": "Lohe-Juwel",
            "KR": "화염주 [1]",
            "CN": "火炎珠【1】"
        },
        "rarity": 6,
        "slotSize": 1,
        "abilityIds": [
            79
        ]
    },
    {
        "id": 32,
        "name": {
            "EN": "Evasion Jewel",
            "FR": "Joyau d'invulnérabilité",
            "JP": "回避珠【2】",
            "IT": "Gioiello schivata 2",
            "DE": "Ausweich-Juwel",
            "KR": "회피주 [2]",
            "CN": "回避珠【2】"
        },
        "rarity": 6,
        "slotSize": 2,
        "abilityIds": [
            209
        ]
    },
    {
        "id": 33,
        "name": {
            "EN": "Jumping Jewel",
            "FR": "Joyau de l'esquive",
            "JP": "跳躍珠【2】",
            "IT": "Gioiello schivata estesa 2",
            "DE": "Sprung-Juwel",
            "KR": "도약주 [2]",
            "CN": "跳躍珠【2】"
        },
        "rarity": 6,
        "slotSize": 2,
        "abilityIds": [
            214
        ]
    },
    {
        "id": 34,
        "name": {
            "EN": "Sheath Jewel",
            "FR": "Joyau rengainage",
            "JP": "速納珠【1】",
            "IT": "Gioiello rinfodero veloce 1",
            "DE": "Wegsteck-Juwel",
            "KR": "속납주 [1]",
            "CN": "速納珠【1】"
        },
        "rarity": 6,
        "slotSize": 1,
        "abilityIds": [
            222
        ]
    },
    {
        "id": 35,
        "name": {
            "EN": "Friendship Jewel",
            "FR": "Joyau du mousquetaire",
            "JP": "友愛珠【1】",
            "IT": "Gioiello ampia area 1",
            "DE": "Freundschaft-Juwel",
            "KR": "우애주 [1]",
            "CN": "友愛珠【1】"
        },
        "rarity": 6,
        "slotSize": 1,
        "abilityIds": [
            225
        ]
    },
    {
        "id": 36,
        "name": {
            "EN": "Enduring Jewel",
            "FR": "Joyau du chimiste",
            "JP": "持続珠【1】",
            "IT": "Gioiello estensione oggetti 1",
            "DE": "Dauer-Juwel",
            "KR": "지속주 [1]",
            "CN": "持續珠【1】"
        },
        "rarity": 6,
        "slotSize": 1,
        "abilityIds": [
            230
        ]
    },
    {
        "id": 37,
        "name": {
            "EN": "Medicine Jewel",
            "FR": "Joyau de médecin",
            "JP": "治癒珠【1】",
            "IT": "Gioiello bonus cura 1",
            "DE": "Medizin-Juwel",
            "KR": "치유주 [1]",
            "CN": "治癒珠【1】"
        },
        "rarity": 6,
        "slotSize": 1,
        "abilityIds": [
            55
        ]
    },
    {
        "id": 38,
        "name": {
            "EN": "Grinder Jewel",
            "FR": "Joyau de l'aiguiseur",
            "JP": "研磨珠【1】",
            "IT": "Gioiello affilatura veloce 1",
            "DE": "Schleif-Juwel",
            "KR": "연마주 [1]",
            "CN": "研磨珠【1】"
        },
        "rarity": 6,
        "slotSize": 1,
        "abilityIds": [
            237
        ]
    },
    {
        "id": 39,
        "name": {
            "EN": "Steadfast Jewel",
            "FR": "Joyau volonté",
            "JP": "耐絶珠【1】",
            "IT": "Gioiello resistenza stordimento 1",
            "DE": "Felsenfest-Juwel",
            "KR": "내절주 [1]",
            "CN": "耐絶珠【1】"
        },
        "rarity": 6,
        "slotSize": 1,
        "abilityIds": [
            9
        ]
    },
    {
        "id": 40,
        "name": {
            "EN": "Bomber Jewel",
            "FR": "Joyau du bombardier",
            "JP": "爆師珠【1】",
            "IT": "Gioiello bombardiere 1",
            "DE": "Bomber-Juwel",
            "KR": "폭사주 [1]",
            "CN": "爆師珠【1】"
        },
        "rarity": 6,
        "slotSize": 1,
        "abilityIds": [
            240
        ]
    },
    {
        "id": 41,
        "name": {
            "EN": "Recovery Jewel",
            "FR": "Joyau facteur X",
            "JP": "早復珠【1】",
            "IT": "Gioiello guarigione 1",
            "DE": "Erholung-Juwel",
            "KR": "조복주 [1]",
            "CN": "早復珠【1】"
        },
        "rarity": 6,
        "slotSize": 1,
        "abilityIds": [
            58
        ]
    },
    {
        "id": 42,
        "name": {
            "EN": "Slider Jewel",
            "FR": "Joyau du glisseur",
            "JP": "滑走珠【2】",
            "IT": "Gioiello affinità scivolata 2",
            "DE": "Gleiter-Juwel",
            "KR": "활주주 [2]",
            "CN": "滑走珠【2】"
        },
        "rarity": 6,
        "slotSize": 2,
        "abilityIds": [
            303
        ]
    },
    {
        "id": 43,
        "name": {
            "EN": "Defense Jewel",
            "FR": "Joyau défense",
            "JP": "防御珠【1】",
            "IT": "Gioiello difesa 1",
            "DE": "Verteidigung-Juwel",
            "KR": "방어주 [1]",
            "CN": "防御珠【1】"
        },
        "rarity": 6,
        "slotSize": 1,
        "abilityIds": [
            45
        ]
    },
    {
        "id": 44,
        "name": {
            "EN": "Stonethrower Jewel",
            "FR": "Joyau de pierre",
            "JP": "投石珠【1】",
            "IT": "Gioiello capienza fionda 1",
            "DE": "Steinwerfer-Juwel",
            "KR": "투석주 [1]",
            "CN": "投石珠【1】"
        },
        "rarity": 6,
        "slotSize": 1,
        "abilityIds": [
            269
        ]
    },
    {
        "id": 45,
        "name": {
            "EN": "Footing Jewel",
            "FR": "Joyau anti-séisme",
            "JP": "耐震珠【2】",
            "IT": "Gioiello antisismico 2",
            "DE": "Halt-Juwel",
            "KR": "내진주 [2]",
            "CN": "耐震珠【2】"
        },
        "rarity": 6,
        "slotSize": 2,
        "abilityIds": [
            32
        ]
    },
    {
        "id": 46,
        "name": {
            "EN": "Brace Jewel",
            "FR": "Joyau inflexible",
            "JP": "耐衝珠【3】",
            "IT": "Gioiello antisussulto 3",
            "DE": "Wappnungs-Juwel",
            "KR": "내충주 [3]",
            "CN": "耐衝珠【3】"
        },
        "rarity": 6,
        "slotSize": 3,
        "abilityIds": [
            275
        ]
    },
    {
        "id": 47,
        "name": {
            "EN": "Wind Resist Jewel",
            "FR": "Joyau anti-vent",
            "JP": "防風珠【2】",
            "IT": "Gioiello paravento 2",
            "DE": "Windresistenz-Juwel",
            "KR": "방풍주 [2]",
            "CN": "防風珠【2】"
        },
        "rarity": 6,
        "slotSize": 2,
        "abilityIds": [
            27
        ]
    },
    {
        "id": 48,
        "name": {
            "EN": "Earplug Jewel",
            "FR": "Joyau insonorisation",
            "JP": "防音珠【3】",
            "IT": "Gioiello udito 3",
            "DE": "Ohrstöpsel-Juwel",
            "KR": "방음주 [3]",
            "CN": "防音珠【3】"
        },
        "rarity": 6,
        "slotSize": 3,
        "abilityIds": [
            22
        ]
    },
    {
        "id": 49,
        "name": {
            "EN": "Vitality Jewel",
            "FR": "Joyau vitalité",
            "JP": "体力珠【1】",
            "IT": "Gioiello salute 1",
            "DE": "Lebenskraft-Juwel",
            "KR": "체력주 [1]",
            "CN": "体力珠【1】"
        },
        "rarity": 6,
        "slotSize": 1,
        "abilityIds": [
            52
        ]
    },
    {
        "id": 50,
        "name": {
            "EN": "Resistor Jewel",
            "FR": "Joyau fléau",
            "JP": "耐属珠【1】",
            "IT": "Gioiello resistenza malus 1",
            "DE": "Resistor-Juwel",
            "KR": "내속주 [1]",
            "CN": "耐属珠【1】"
        },
        "rarity": 6,
        "slotSize": 1,
        "abilityIds": [
            76
        ]
    },
    {
        "id": 51,
        "name": {
            "EN": "Sonorous Jewel",
            "FR": "Joyau de musique",
            "JP": "鼓笛珠【1】",
            "IT": "Gioiello maestro del corno 1",
            "DE": "Klang-Juwel",
            "KR": "고적주 [1]",
            "CN": "鼓笛珠【1】"
        },
        "rarity": 6,
        "slotSize": 1,
        "abilityIds": [
            185
        ]
    },
    {
        "id": 52,
        "name": {
            "EN": "KO Jewel",
            "FR": "Joyau cogneur",
            "JP": "KO珠【2】",
            "IT": "Gioiello battitore 2",
            "DE": "Knock-out-Juwel",
            "KR": "KO주 [2]",
            "CN": "KO珠【2】"
        },
        "rarity": 6,
        "slotSize": 2,
        "abilityIds": [
            152
        ]
    },
    {
        "id": 53,
        "name": {
            "EN": "Stream Jewel",
            "FR": "Joyau d'eau",
            "JP": "流水珠【1】",
            "IT": "Gioiello attacco acqua 1",
            "DE": "Fluss-Juwel",
            "KR": "유수주 [1]",
            "CN": "流水珠【1】"
        },
        "rarity": 6,
        "slotSize": 1,
        "abilityIds": [
            84
        ]
    },
    {
        "id": 54,
        "name": {
            "EN": "Frost Jewel",
            "FR": "Joyau de glace",
            "JP": "氷結珠【1】",
            "IT": "Gioiello attacco ghiaccio 1",
            "DE": "Frost-Juwel",
            "KR": "빙결주 [1]",
            "CN": "冰結珠【1】"
        },
        "rarity": 6,
        "slotSize": 1,
        "abilityIds": [
            89
        ]
    },
    {
        "id": 55,
        "name": {
            "EN": "Bolt Jewel",
            "FR": "Joyau de foudre",
            "JP": "雷光珠【1】",
            "IT": "Gioiello attacco tuono 1",
            "DE": "Blitz-Juwel",
            "KR": "뇌광주 [1]",
            "CN": "雷光珠【1】"
        },
        "rarity": 6,
        "slotSize": 1,
        "abilityIds": [
            94
        ]
    },
    {
        "id": 56,
        "name": {
            "EN": "Dragon Jewel",
            "FR": "Joyau tueur de dragon",
            "JP": "破龍珠【1】",
            "IT": "Gioiello attacco drago 1",
            "DE": "Drachen-Juwel",
            "KR": "파룡주 [1]",
            "CN": "破龍珠【1】"
        },
        "rarity": 6,
        "slotSize": 1,
        "abilityIds": [
            99
        ]
    },
    {
        "id": 57,
        "name": {
            "EN": "Venom Jewel",
            "FR": "Joyau venin",
            "JP": "毒珠【1】",
            "IT": "Gioiello attacco veleno 1",
            "DE": "Gift-Juwel",
            "KR": "독주 [1]",
            "CN": "毒珠【1】"
        },
        "rarity": 6,
        "slotSize": 1,
        "abilityIds": [
            104
        ]
    },
    {
        "id": 58,
        "name": {
            "EN": "Poisoncoat Jewel",
            "FR": "Joyau poison",
            "JP": "毒瓶珠【3】",
            "IT": "Gioiello applica veleno 3",
            "DE": "Giftbeschichtung-Juwel",
            "KR": "독병주 [3]",
            "CN": "毒瓶珠【3】"
        },
        "rarity": 6,
        "slotSize": 3,
        "abilityIds": [
            327
        ]
    },
    {
        "id": 59,
        "name": {
            "EN": "Expert Jewel",
            "FR": "Joyau du maitre",
            "JP": "達人珠【1】",
            "IT": "Gioiello occhio critico 1",
            "DE": "Experten-Juwel",
            "KR": "달인주 [1]",
            "CN": "達人珠【1】"
        },
        "rarity": 6,
        "slotSize": 1,
        "abilityIds": [
            122
        ]
    },
    {
        "id": 60,
        "name": {
            "EN": "Tenderizer Jewel",
            "FR": "Joyau faiblesse",
            "JP": "痛撃珠【2】",
            "IT": "Gioiello punto debole 2",
            "DE": "Aufweich-Juwel",
            "KR": "통격주 [2]",
            "CN": "痛撃珠【2】"
        },
        "rarity": 6,
        "slotSize": 2,
        "abilityIds": [
            132
        ]
    },
    {
        "id": 61,
        "name": {
            "EN": "Destroyer Jewel",
            "FR": "Joyau destruction",
            "JP": "重撃珠【2】",
            "IT": "Gioiello spaccamostri 2",
            "DE": "Zerstörer-Juwel",
            "KR": "중격주 [2]",
            "CN": "重撃珠【2】"
        },
        "rarity": 6,
        "slotSize": 2,
        "abilityIds": [
            149
        ]
    },
    {
        "id": 62,
        "name": {
            "EN": "Elementless Jewel",
            "FR": "Joyau d'acier",
            "JP": "無撃珠【2】",
            "IT": "Gioiello non elementale 2",
            "DE": "Elementloses Juwel",
            "KR": "무격주 [2]",
            "CN": "無撃珠【2】"
        },
        "rarity": 6,
        "slotSize": 2,
        "abilityIds": [
            315
        ]
    },
    {
        "id": 63,
        "name": {
            "EN": "Drain Jewel",
            "FR": "Joyau fatigue",
            "JP": "奪気珠【1】",
            "IT": "Gioiello ruba resistenza 1",
            "DE": "Entzug-Juwel",
            "KR": "탈기주 [1]",
            "CN": "奪氣珠【1】"
        },
        "rarity": 6,
        "slotSize": 1,
        "abilityIds": [
            155
        ]
    },
    {
        "id": 64,
        "name": {
            "EN": "Paracoat Jewel",
            "FR": "Joyau léthargie",
            "JP": "痺瓶珠【3】",
            "IT": "Gioiello applica paralisi 3",
            "DE": "Lähmbeschichtung-Juwel",
            "KR": "마비병주 [3]",
            "CN": "痺瓶珠【3】"
        },
        "rarity": 7,
        "slotSize": 3,
        "abilityIds": [
            328
        ]
    },
    {
        "id": 65,
        "name": {
            "EN": "Sharp Jewel",
            "FR": "Joyau de trempe",
            "JP": "剛刃珠【2】",
            "IT": "Gioiello strato protettivo 2",
            "DE": "Scharfes Juwel",
            "KR": "강인주 [2]",
            "CN": "剛刃珠【2】"
        },
        "rarity": 7,
        "slotSize": 2,
        "abilityIds": [
            326
        ]
    },
    {
        "id": 66,
        "name": {
            "EN": "Shield Jewel",
            "FR": "Joyau bouclier",
            "JP": "強壁珠【2】",
            "IT": "Gioiello guardia perfetta 2",
            "DE": "Schild-Juwel",
            "KR": "강벽주 [2]",
            "CN": "強壁珠【2】"
        },
        "rarity": 7,
        "slotSize": 2,
        "abilityIds": [
            317
        ]
    },
    {
        "id": 67,
        "name": {
            "EN": "Dragonseal Jewel",
            "FR": "Joyau sceau de dragon",
            "JP": "龍封珠【3】",
            "IT": "Gioiello sigillo anziano 3",
            "DE": "Drachensiegel-Juwel",
            "KR": "용봉주 [3]",
            "CN": "龍封珠【3】"
        },
        "rarity": 7,
        "slotSize": 3,
        "abilityIds": [
            331
        ]
    },
    {
        "id": 68,
        "name": {
            "EN": "Trueshot Jewel",
            "FR": "Joyau du sniper",
            "JP": "特射珠【1】",
            "IT": "Gioiello munizioni speciali 1",
            "DE": "Volltreffer-Juwel",
            "KR": "특사주 [1]",
            "CN": "特射珠【1】"
        },
        "rarity": 7,
        "slotSize": 1,
        "abilityIds": [
            187
        ]
    },
    {
        "id": 69,
        "name": {
            "EN": "Enhancer Jewel",
            "FR": "Joyau de puissance",
            "JP": "昂揚珠【2】",
            "IT": "Gioiello estensione di potenza 2",
            "DE": "Verstärker-Juwel",
            "KR": "지속주 [2]",
            "CN": "昂揚珠【2】"
        },
        "rarity": 7,
        "slotSize": 2,
        "abilityIds": [
            138
        ]
    },
    {
        "id": 70,
        "name": {
            "EN": "Forceshot Jewel",
            "FR": "Joyau de l'artilleur",
            "JP": "強弾珠【3】",
            "IT": "Gioiello bonus normali 3",
            "DE": "Starkschuss-Juwel",
            "KR": "강탄주 [3]",
            "CN": "強彈珠【3】"
        },
        "rarity": 7,
        "slotSize": 3,
        "abilityIds": [
            116
        ]
    },
    {
        "id": 71,
        "name": {
            "EN": "Furor Jewel",
            "FR": "Joyau de vengeance",
            "JP": "逆上珠【2】",
            "IT": "Gioiello risentimento 2",
            "DE": "Furor-Juwel",
            "KR": "역상주 [2]",
            "CN": "逆上珠【2】"
        },
        "rarity": 7,
        "slotSize": 2,
        "abilityIds": [
            179
        ]
    },
    {
        "id": 72,
        "name": {
            "EN": "Potential Jewel",
            "FR": "Joyau du héro",
            "JP": "底力珠【2】",
            "IT": "Gioiello eroismo 2",
            "DE": "Potenzial-Juwel",
            "KR": "저력주 [2]",
            "CN": "底力珠【2】"
        },
        "rarity": 7,
        "slotSize": 2,
        "abilityIds": [
            173
        ]
    },
    {
        "id": 73,
        "name": {
            "EN": "Paralyzer Jewel",
            "FR": "Joyau paralysant",
            "JP": "麻痺珠【1】",
            "IT": "Gioiello attacco paralisi 1",
            "DE": "Lähmangriff-Juwel",
            "KR": "마비주 [1]",
            "CN": "麻痺珠【1】"
        },
        "rarity": 7,
        "slotSize": 1,
        "abilityIds": [
            107
        ]
    },
    {
        "id": 74,
        "name": {
            "EN": "Sleep Jewel",
            "FR": "Joyau du sommeil",
            "JP": "睡眠珠【1】",
            "IT": "Gioiello attacco sonno 1",
            "DE": "Schlaf-Juwel",
            "KR": "수면주 [1]",
            "CN": "睡眠珠【1】"
        },
        "rarity": 7,
        "slotSize": 1,
        "abilityIds": [
            110
        ]
    },
    {
        "id": 75,
        "name": {
            "EN": "Ironwall Jewel",
            "FR": "Joyau de paladin",
            "JP": "鉄壁珠【1】",
            "IT": "Gioiello blocco 1",
            "DE": "Eisenmauer-Juwel",
            "KR": "철벽주 [1]",
            "CN": "鉄壁珠【1】"
        },
        "rarity": 7,
        "slotSize": 1,
        "abilityIds": [
            217
        ]
    },
    {
        "id": 76,
        "name": {
            "EN": "Refresh Jewel",
            "FR": "Joyau métabolisme",
            "JP": "早気珠【2】",
            "IT": "Gioiello super resistenza 2",
            "DE": "Erfrischungs-Juwel",
            "KR": "조기주 [2]",
            "CN": "早氣珠【2】"
        },
        "rarity": 7,
        "slotSize": 2,
        "abilityIds": [
            203
        ]
    },
    {
        "id": 77,
        "name": {
            "EN": "Blast Jewel",
            "FR": "Joyau explosion",
            "JP": "爆破珠【1】",
            "IT": "Gioiello attacco scoppio 1",
            "DE": "Explosion-Juwel",
            "KR": "폭파주 [1]",
            "CN": "爆破珠【1】"
        },
        "rarity": 7,
        "slotSize": 1,
        "abilityIds": [
            113
        ]
    },
    {
        "id": 78,
        "name": {
            "EN": "Sleepcoat Jewel",
            "FR": "Joyau sporifère",
            "JP": "眠瓶珠【3】",
            "IT": "Gioiello applica sonno 3",
            "DE": "Schlafbeschichtung-Juwel",
            "KR": "수면병주 [3]",
            "CN": "眠瓶珠【3】"
        },
        "rarity": 7,
        "slotSize": 3,
        "abilityIds": [
            329
        ]
    },
    {
        "id": 79,
        "name": {
            "EN": "Blastcoat Jewel",
            "FR": "Joyau explosif",
            "JP": "爆瓶珠【3】",
            "IT": "Gioiello applica scoppio 3",
            "DE": "Sprengbeschichtung-Juwel",
            "KR": "폭파병주 [3]",
            "CN": "爆瓶珠【3】"
        },
        "rarity": 7,
        "slotSize": 3,
        "abilityIds": [
            330
        ]
    },
    {
        "id": 80,
        "name": {
            "EN": "Throttle Jewel",
            "FR": "Joyau occulte",
            "JP": "全開珠【2】",
            "IT": "Gioiello forza latente 2",
            "DE": "Vollgas-Juwel",
            "KR": "전개주 [2]",
            "CN": "全開珠【2】"
        },
        "rarity": 7,
        "slotSize": 2,
        "abilityIds": [
            160
        ]
    },
    {
        "id": 81,
        "name": {
            "EN": "Challenger Jewel",
            "FR": "Joyau de témérité",
            "JP": "挑戦珠【2】",
            "IT": "Gioiello istigatore 2",
            "DE": "Herausforderer-Juwel",
            "KR": "도전주 [2]",
            "CN": "挑戰珠【2】"
        },
        "rarity": 7,
        "slotSize": 2,
        "abilityIds": [
            165
        ]
    },
    {
        "id": 82,
        "name": {
            "EN": "Attack Jewel",
            "FR": "Joyau attaque",
            "JP": "攻撃珠【1】",
            "IT": "Gioiello attacco 1",
            "DE": "Angriff-Juwel",
            "KR": "공격주 [1]",
            "CN": "攻撃珠【1】"
        },
        "rarity": 7,
        "slotSize": 1,
        "abilityIds": [
            38
        ]
    },
    {
        "id": 83,
        "name": {
            "EN": "Flawless Jewel",
            "FR": "Joyau parfait",
            "JP": "無傷珠【2】",
            "IT": "Gioiello forma perfetta 2",
            "DE": "Makellos-Juwel",
            "KR": "무결주 [2]",
            "CN": "無傷珠【2】"
        },
        "rarity": 7,
        "slotSize": 2,
        "abilityIds": [
            170
        ]
    },
    {
        "id": 84,
        "name": {
            "EN": "Magazine Jewel",
            "FR": "Joyau du franc-tireur",
            "JP": "増弾珠【2】",
            "IT": "Gioiello bonus capacità 2",
            "DE": "Magazin-Juwel",
            "KR": "증탄주 [2]",
            "CN": "増彈珠【2】"
        },
        "rarity": 7,
        "slotSize": 2,
        "abilityIds": [
            186
        ]
    },
    {
        "id": 85,
        "name": {
            "EN": "Mighty Jewel",
            "FR": "Joyau omnipotence",
            "JP": "渾身珠【2】",
            "IT": "Gioiello massima potenza 2",
            "DE": "Mächtiges-Juwel",
            "KR": "혼신주 [2]",
            "CN": "渾身珠【2】"
        },
        "rarity": 7,
        "slotSize": 2,
        "abilityIds": [
            266
        ]
    },
    {
        "id": 86,
        "name": {
            "EN": "Sprinter Jewel",
            "FR": "Joyau du marathonien",
            "JP": "強走珠【2】",
            "IT": "Gioiello maratoneta 2",
            "DE": "Sprinter-Juwel",
            "KR": "강주주 [2]",
            "CN": "強走珠【2】"
        },
        "rarity": 8,
        "slotSize": 2,
        "abilityIds": [
            194
        ]
    },
    {
        "id": 87,
        "name": {
            "EN": "Critical Jewel",
            "FR": "Joyau du berserk",
            "JP": "超心珠【2】",
            "IT": "Gioiello bonus critico 2",
            "DE": "Kritisches Juwel",
            "KR": "초심주 [2]",
            "CN": "超心珠【2】"
        },
        "rarity": 8,
        "slotSize": 2,
        "abilityIds": [
            129
        ]
    },
    {
        "id": 88,
        "name": {
            "EN": "Artillery Jewel",
            "FR": "Joyau dynamite",
            "JP": "砲術珠【1】",
            "IT": "Gioiello artigliere 1",
            "DE": "Artillerie-Juwel",
            "KR": "포술주 [1]",
            "CN": "砲術珠【1】"
        },
        "rarity": 8,
        "slotSize": 1,
        "abilityIds": [
            189
        ]
    },
    {
        "id": 89,
        "name": {
            "EN": "Fungiform Jewel",
            "FR": "Joyau du mycologue",
            "JP": "茸好珠【1】",
            "IT": "Gioiello fungomante 1",
            "DE": "Pilzform-Juwel",
            "KR": "이호주 [1]",
            "CN": "茸好珠【1】"
        },
        "rarity": 8,
        "slotSize": 1,
        "abilityIds": [
            243
        ]
    },
    {
        "id": 90,
        "name": {
            "EN": "Release Jewel",
            "FR": "Joyau du tireur",
            "JP": "解放珠【3】",
            "IT": "Gioiello rilascio 3",
            "DE": "Freisetzung-Juwel",
            "KR": "해방주 [3]",
            "CN": "解放珠【3】"
        },
        "rarity": 8,
        "slotSize": 3,
        "abilityIds": [
            119
        ]
    },
    {
        "id": 91,
        "name": {
            "EN": "Spread Jewel",
            "FR": "Joyau de plomb",
            "JP": "散弾珠【3】",
            "IT": "Gioiello bonus ventaglio 3",
            "DE": "Schrot-Juwel",
            "KR": "산탄주 [3]",
            "CN": "散弾珠【3】"
        },
        "rarity": 8,
        "slotSize": 3,
        "abilityIds": [
            118
        ]
    },
    {
        "id": 92,
        "name": {
            "EN": "Charger Jewel",
            "FR": "Joyau concentration",
            "JP": "短縮珠【2】",
            "IT": "Gioiello concentrazione 2",
            "DE": "Ladungs-Juwel",
            "KR": "단축주 [2]",
            "CN": "縮短珠【2】"
        },
        "rarity": 8,
        "slotSize": 2,
        "abilityIds": [
            135
        ]
    },
    {
        "id": 93,
        "name": {
            "EN": "Handicraft Jewel",
            "FR": "Joyau artisanat",
            "JP": "匠珠【3】",
            "IT": "Gioiello artigiano 3",
            "DE": "Handwerk-Juwel",
            "KR": "장인주 [3]",
            "CN": "匠珠【3】"
        },
        "rarity": 8,
        "slotSize": 3,
        "abilityIds": [
            141
        ]
    },
    {
        "id": 94,
        "name": {
            "EN": "Mighty Bow Jewel",
            "FR": "Joyau de l'archer",
            "JP": "強弓珠【2】",
            "IT": "Gioiello carica potenziata 2",
            "DE": "Mächtiger-Bogen-Juwel",
            "KR": "강궁주 [2]",
            "CN": "強弓珠【2】"
        },
        "rarity": 8,
        "slotSize": 2,
        "abilityIds": [
            324
        ]
    },
    {
        "id": 95,
        "name": {
            "EN": "Mind's Eye Jewel",
            "FR": "Joyau spirituel",
            "JP": "心眼珠【2】",
            "IT": "Gioiello preveggenza 2",
            "DE": "Geistiges-Auge-Juwel",
            "KR": "심안주 [2]",
            "CN": "心眼珠【2】"
        },
        "rarity": 8,
        "slotSize": 2,
        "abilityIds": [
            313
        ]
    },
    {
        "id": 96,
        "name": {
            "EN": "Draw Jewel",
            "FR": "Joyau dégainage",
            "JP": "抜刀珠【2】",
            "IT": "Gioiello critico rapido 2",
            "DE": "Ziehen-Juwel",
            "KR": "발도주 [2]",
            "CN": "拔刀珠【2】"
        },
        "rarity": 8,
        "slotSize": 2,
        "abilityIds": [
            146
        ]
    },
    {
        "id": 97,
        "name": {
            "EN": "Pierce Jewel",
            "FR": "Joyau de titane",
            "JP": "貫通珠【3】",
            "IT": "Gioiello bonus perforanti 3",
            "DE": "Perforations-Juwel",
            "KR": "관통주 [3]",
            "CN": "貫通珠【3】"
        },
        "rarity": 8,
        "slotSize": 3,
        "abilityIds": [
            117
        ]
    }
]