[
    {
        "id": 0,
        "name": {
            "EN": "Anjanath Power",
            "FR": "Pouvoir de l'Anjanath",
            "JP": "蛮顎竜の力",
            "IT": "Forza dell'Anjanath",
            "DE": "Anjanath-Macht",
            "KR": "만악룡의 힘",
            "CN": "蠻顎龍之力"
        },
        "parts": [
            {
                "id": 0,
                "requiredArmorPieceCount": 3,
                "abilityIds": [
                    310
                ]
            }
        ]
    },
    {
        "id": 1,
        "name": {
            "EN": "Legiana Blessing",
            "FR": "Bénédiction du Legiana",
            "JP": "風漂竜の恩恵",
            "IT": "Benedizione del Legiana",
            "DE": "Legiana-Segen",
            "KR": "풍표룡의 은혜",
            "CN": "風漂龍的恩惠"
        },
        "parts": [
            {
                "id": 1,
                "requiredArmorPieceCount": 3,
                "abilityIds": [
                    323
                ]
            }
        ]
    },
    {
        "id": 2,
        "name": {
            "EN": "Odogaron Power",
            "FR": "Pouvoir de l'Odogaron",
            "JP": "惨爪竜の力",
            "IT": "Forza dell'Odogaron",
            "DE": "Odogaron-Macht",
            "KR": "참조룡의 힘",
            "CN": "慘爪龍之力"
        },
        "parts": [
            {
                "id": 2,
                "requiredArmorPieceCount": 3,
                "abilityIds": [
                    325
                ]
            }
        ]
    },
    {
        "id": 3,
        "name": {
            "EN": "Rathalos Power",
            "FR": "Pouvoir du Rathalos",
            "JP": "火竜の力",
            "IT": "Forza del Rathalos",
            "DE": "Rathalos-Macht",
            "KR": "화룡의 힘",
            "CN": "火龍之力"
        },
        "parts": [
            {
                "id": 3,
                "requiredArmorPieceCount": 3,
                "abilityIds": [
                    312
                ]
            }
        ]
    },
    {
        "id": 4,
        "name": {
            "EN": "Diablos Power",
            "FR": "Pouvoir du Diablos",
            "JP": "角竜の力",
            "IT": "Forza del Diablos",
            "DE": "Diablos-Kraft",
            "KR": "각룡의 힘",
            "CN": "角龍之力"
        },
        "parts": [
            {
                "id": 4,
                "requiredArmorPieceCount": 3,
                "abilityIds": [
                    314
                ]
            }
        ]
    },
    {
        "id": 5,
        "name": {
            "EN": "Kirin Blessing",
            "FR": "Bénédiction du Kirin",
            "JP": "幻獣の恩恵",
            "IT": "Benedizione del Kirin",
            "DE": "Kirin-Segen",
            "KR": "환수의 은혜",
            "CN": "幻獸的恩惠"
        },
        "parts": [
            {
                "id": 5,
                "requiredArmorPieceCount": 4,
                "abilityIds": [
                    316
                ]
            }
        ]
    },
    {
        "id": 6,
        "name": {
            "EN": "Anjanath Will",
            "FR": "Volonté de l'Anjanath",
            "JP": "蛮顎竜の闘志",
            "IT": "Volontà dell'Anjanath",
            "DE": "Anjanath-Wille",
            "KR": "만악룡의 투지",
            "CN": "蠻顎龍之鬥志"
        },
        "parts": [
            {
                "id": 6,
                "requiredArmorPieceCount": 2,
                "abilityIds": [
                    310
                ]
            },
            {
                "id": 7,
                "requiredArmorPieceCount": 4,
                "abilityIds": [
                    311
                ]
            }
        ]
    },
    {
        "id": 7,
        "name": {
            "EN": "Pink Rathian Mastery",
            "FR": "Secret du Rathian sakura",
            "JP": "桜火竜の奥義",
            "IT": "Esperto Rathian rosa",
            "DE": "RosaRathianMeisterung",
            "KR": "앵화룡의 비기",
            "CN": "櫻火龍之奧秘"
        },
        "parts": [
            {
                "id": 8,
                "requiredArmorPieceCount": 3,
                "abilityIds": [
                    309
                ]
            }
        ]
    },
    {
        "id": 8,
        "name": {
            "EN": "Zorah Magdaros Mastery",
            "FR": "Maitrise du Zorah Magdaros",
            "JP": "熔山龍の奥義",
            "IT": "Esperto Zorah Magdaros",
            "DE": "ZorahMagdarosMeisterung",
            "KR": "용산룡의 비기",
            "CN": "熔山龍的奧秘"
        },
        "parts": [
            {
                "id": 9,
                "requiredArmorPieceCount": 3,
                "abilityIds": [
                    322
                ]
            }
        ]
    },
    {
        "id": 9,
        "name": {
            "EN": "Legiana Favor",
            "FR": "Grâce du Legiana",
            "JP": "風漂竜の恩寵",
            "IT": "Benevolenza del Legiana",
            "DE": "Legiana-Gefallen",
            "KR": "풍표룡의 은총",
            "CN": "風漂龍的恩寵"
        },
        "parts": [
            {
                "id": 10,
                "requiredArmorPieceCount": 2,
                "abilityIds": [
                    323
                ]
            },
            {
                "id": 11,
                "requiredArmorPieceCount": 4,
                "abilityIds": [
                    324
                ]
            }
        ]
    },
    {
        "id": 10,
        "name": {
            "EN": "Odogaron Mastery",
            "FR": "Maitrise de l'Odogaron",
            "JP": "惨爪竜の奥義",
            "IT": "Esperto Odogaron",
            "DE": "Odogaron-Meisterung",
            "KR": "참조룡의 비기",
            "CN": "慘爪龍的奧秘"
        },
        "parts": [
            {
                "id": 12,
                "requiredArmorPieceCount": 2,
                "abilityIds": [
                    325
                ]
            },
            {
                "id": 13,
                "requiredArmorPieceCount": 4,
                "abilityIds": [
                    326
                ]
            }
        ]
    },
    {
        "id": 11,
        "name": {
            "EN": "Rathalos Mastery",
            "FR": "Secret du Rathalos",
            "JP": "火竜の奥義",
            "IT": "Esperto Rathalos",
            "DE": "Rathalos-Meisterung",
            "KR": "화룡의 비기",
            "CN": "火龍的奧秘"
        },
        "parts": [
            {
                "id": 14,
                "requiredArmorPieceCount": 2,
                "abilityIds": [
                    312
                ]
            },
            {
                "id": 15,
                "requiredArmorPieceCount": 4,
                "abilityIds": [
                    313
                ]
            }
        ]
    },
    {
        "id": 12,
        "name": {
            "EN": "Diablos Mastery",
            "FR": "Secret du Diablos",
            "JP": "角竜の奥義",
            "IT": "Esperto Diablos",
            "DE": "Diablos-Meisterung",
            "KR": "각룡의 비기",
            "CN": "角龍的奧秘"
        },
        "parts": [
            {
                "id": 16,
                "requiredArmorPieceCount": 2,
                "abilityIds": [
                    314
                ]
            },
            {
                "id": 17,
                "requiredArmorPieceCount": 4,
                "abilityIds": [
                    315
                ]
            }
        ]
    },
    {
        "id": 13,
        "name": {
            "EN": "Uragaan Protection",
            "FR": "Protection de l'Uragaan",
            "JP": "爆鎚竜の守護",
            "IT": "Protezione dell'Uragaan",
            "DE": "Uragaan-Schutz",
            "KR": "폭추룡의 수호",
            "CN": "爆鎚龍的守護"
        },
        "parts": [
            {
                "id": 18,
                "requiredArmorPieceCount": 3,
                "abilityIds": [
                    317
                ]
            }
        ]
    },
    {
        "id": 14,
        "name": {
            "EN": "Bazelgeuse Protection",
            "FR": "Protection de Bazelgeuse",
            "JP": "爆鱗竜の守護",
            "IT": "Protezione del Bazelgeuse",
            "DE": "Bazelgeuse-Schutz",
            "KR": "폭린룡의 수호",
            "CN": "爆鱗龍的守護"
        },
        "parts": [
            {
                "id": 19,
                "requiredArmorPieceCount": 3,
                "abilityIds": [
                    318
                ]
            }
        ]
    },
    {
        "id": 15,
        "name": {
            "EN": "Nergigante Hunger",
            "FR": "Faim du Nergigante",
            "JP": "滅尽龍の飢餓",
            "IT": "Fame del Nergigante",
            "DE": "Nergigante-Hunger",
            "KR": "멸진룡의 굶주림",
            "CN": "滅盡龍的飢餓"
        },
        "parts": [
            {
                "id": 20,
                "requiredArmorPieceCount": 3,
                "abilityIds": [
                    307
                ]
            }
        ]
    },
    {
        "id": 16,
        "name": {
            "EN": "Teostra Technique",
            "FR": "Technique du Teostra",
            "JP": "炎王龍の武技",
            "IT": "Tecnica del Teostra",
            "DE": "Teostra-Technik",
            "KR": "염왕룡의 무예",
            "CN": "炎王龍的武技"
        },
        "parts": [
            {
                "id": 21,
                "requiredArmorPieceCount": 3,
                "abilityIds": [
                    319
                ]
            }
        ]
    },
    {
        "id": 17,
        "name": {
            "EN": "Kushala Daora Flight",
            "FR": "Envol du Kushala Daora",
            "JP": "鋼龍の飛翔",
            "IT": "Volo del Kushala Daora",
            "DE": "Kushala-Daora-Flug",
            "KR": "강룡의 비상",
            "CN": "鋼龍的飛翔"
        },
        "parts": [
            {
                "id": 22,
                "requiredArmorPieceCount": 3,
                "abilityIds": [
                    320
                ]
            }
        ]
    },
    {
        "id": 18,
        "name": {
            "EN": "Vaal Hazak Vitality",
            "FR": "Vitalité du Vaal Hazak",
            "JP": "屍套龍の命脈",
            "IT": "Vitalità del Vaal Hazak",
            "DE": "Vaal-Hazak-Lebenskraft",
            "KR": "시투룡의 명맥",
            "CN": "尸套龍的命脈"
        },
        "parts": [
            {
                "id": 23,
                "requiredArmorPieceCount": 3,
                "abilityIds": [
                    308
                ]
            }
        ]
    },
    {
        "id": 19,
        "name": {
            "EN": "Kirin Favor",
            "FR": "Grâce du Kirin",
            "JP": "幻獣の恩寵",
            "IT": "Benevolenza del Kirin",
            "DE": "Kirin-Gefallen",
            "KR": "환수의 은총",
            "CN": "幻獸的恩寵"
        },
        "parts": [
            {
                "id": 24,
                "requiredArmorPieceCount": 3,
                "abilityIds": [
                    316
                ]
            }
        ]
    },
    {
        "id": 20,
        "name": {
            "EN": "Xeno'jiiva Divinity",
            "FR": "Divinité du Xeno'jiiva",
            "JP": "冥灯龍の神秘",
            "IT": "Spirito dello Xeno'jiiva",
            "DE": "Xeno'jiiva-Göttlichkeit",
            "KR": "명등룡의 신비",
            "CN": "冥燈龍的神秘"
        },
        "parts": [
            {
                "id": 25,
                "requiredArmorPieceCount": 3,
                "abilityIds": [
                    321
                ]
            }
        ]
    },
    {
        "id": 21,
        "name": {
            "EN": "Guild Guidance",
            "FR": "Guidance de la Guilde",
            "JP": "ギルドの導き",
            "IT": "Assistenza della Gilda",
            "DE": "Gildenführung",
            "KR": "길드의 안내",
            "CN": "公會的引導"
        },
        "parts": [
            {
                "id": 26,
                "requiredArmorPieceCount": 4,
                "abilityIds": [
                    332
                ]
            }
        ]
    },
    {
        "id": 22,
        "name": {
            "EN": "Commission Guidance",
            "FR": "Guidance de la Commission",
            "JP": "調査団の導き",
            "IT": "Assistenza della Commissione",
            "DE": "Kommissionsführung",
            "KR": "조사단의 안내",
            "CN": "調查團的指引"
        },
        "parts": [
            {
                "id": 27,
                "requiredArmorPieceCount": 4,
                "abilityIds": [
                    333
                ]
            }
        ]
    },
    {
        "id": 23,
        "name": {
            "EN": "Lunastra Favor",
            "FR": "Grâce de la Lunastra",
            "JP": "炎妃龍の恩寵",
            "IT": "Auspicio della Lunastra",
            "DE": "Lunastra-Vorteil",
            "KR": "염비룡의 은총",
            "CN": "炎妃龍的恩寵"
        },
        "parts": [
            {
                "id": 28,
                "requiredArmorPieceCount": 2,
                "abilityIds": [
                    311
                ]
            },
            {
                "id": 29,
                "requiredArmorPieceCount": 4,
                "abilityIds": [
                    313
                ]
            }
        ]
    },
    {
        "id": 24,
        "name": {
            "EN": "Soul of the Dragoon",
            "FR": "Âme du chevalier dragon",
            "JP": "竜騎士の証",
            "IT": "Anima di Dragoon",
            "DE": "Dragoon-Kristall",
            "KR": "용기사의 증표",
            "CN": "龍騎士之証"
        },
        "parts": [
            {
                "id": 30,
                "requiredArmorPieceCount": 2,
                "abilityIds": [
                    334
                ]
            },
            {
                "id": 31,
                "requiredArmorPieceCount": 4,
                "abilityIds": [
                    319
                ]
            }
        ]
    }
]