[
    {
        "id": 0,
        "name": "Poison Resistance",
        "description": "Grants protection against the effects of poison.",
        "abilityIds": [
            0,
            1,
            2
        ]
    },
    {
        "id": 1,
        "name": "Paralysis Resistance",
        "description": "Reduces the duration of paralysis.",
        "abilityIds": [
            3,
            4,
            5
        ]
    },
    {
        "id": 2,
        "name": "Sleep Resistance",
        "description": "Reduces the duration of sleep.",
        "abilityIds": [
            6,
            7,
            8
        ]
    },
    {
        "id": 3,
        "name": "Stun Resistance",
        "description": "Reduces stun duration.",
        "abilityIds": [
            9,
            10,
            11
        ]
    },
    {
        "id": 4,
        "name": "Muck Resistance",
        "description": "Reduces impairments to mobility while stuck in monster muck.",
        "abilityIds": [
            12
        ]
    },
    {
        "id": 5,
        "name": "Blast Resistance",
        "description": "Grants protection against blastblight.",
        "abilityIds": [
            13,
            14,
            15
        ]
    },
    {
        "id": 6,
        "name": "Bleeding Resistance",
        "description": "Grants protection against bleeding.",
        "abilityIds": [
            16,
            17,
            18
        ]
    },
    {
        "id": 7,
        "name": "Iron Skin",
        "description": "Grants protection against Defense Down.",
        "abilityIds": [
            19,
            20,
            21
        ]
    },
    {
        "id": 8,
        "name": "Earplugs",
        "description": "Grants protection from large monsters' roars.",
        "abilityIds": [
            22,
            23,
            24,
            25,
            26
        ]
    },
    {
        "id": 9,
        "name": "Windproof",
        "description": "Grants protection against wind pressure.",
        "abilityIds": [
            27,
            28,
            29,
            30,
            31
        ]
    },
    {
        "id": 10,
        "name": "Tremor Resistance",
        "description": "Grants protection against ground tremors.",
        "abilityIds": [
            32,
            33,
            34
        ]
    },
    {
        "id": 11,
        "name": "Dungmaster",
        "description": "Makes monsters hit with slinger dung pods more likely to run.",
        "abilityIds": [
            35
        ]
    },
    {
        "id": 12,
        "name": "Effluvial Expert",
        "description": "Nullifies or reduces environmental damage in the Rotten Vale.",
        "abilityIds": [
            36
        ]
    },
    {
        "id": 13,
        "name": "Heat Guard",
        "description": "Nullifies damage from heat.",
        "abilityIds": [
            37
        ]
    },
    {
        "id": 14,
        "name": "Attack Boost",
        "description": "Increases attack power. Also improves affinity at higher levels.",
        "abilityIds": [
            38,
            39,
            40,
            41,
            42,
            43,
            44
        ]
    },
    {
        "id": 15,
        "name": "Defense Boost",
        "description": "Increases defense. Level up to improve resistances as well.",
        "abilityIds": [
            45,
            46,
            47,
            48,
            49,
            50,
            51
        ]
    },
    {
        "id": 16,
        "name": "Health Boost",
        "description": "Increases health.",
        "abilityIds": [
            52,
            53,
            54
        ]
    },
    {
        "id": 17,
        "name": "Recovery Up",
        "description": "Increases the amount recovered when restoring health.",
        "abilityIds": [
            55,
            56,
            57
        ]
    },
    {
        "id": 18,
        "name": "Recovery Speed",
        "description": "Speeds healing of recoverable damage (the red portion of the health gauge).",
        "abilityIds": [
            58,
            59,
            60
        ]
    },
    {
        "id": 19,
        "name": "Fire Resistance",
        "description": "Increases fire resistance. Also improves defense at higher levels.",
        "abilityIds": [
            61,
            62,
            63
        ]
    },
    {
        "id": 20,
        "name": "Water Resistance",
        "description": "Increases water resistance. Also improves defense at higher levels.",
        "abilityIds": [
            64,
            65,
            66
        ]
    },
    {
        "id": 21,
        "name": "Ice Resistance",
        "description": "Increases ice resistance. Also improves defense at higher levels.",
        "abilityIds": [
            67,
            68,
            69
        ]
    },
    {
        "id": 22,
        "name": "Thunder Resistance",
        "description": "Increases thunder resistance. Also improves defense at higher levels.",
        "abilityIds": [
            70,
            71,
            72
        ]
    },
    {
        "id": 23,
        "name": "Dragon Resistance",
        "description": "Increases dragon resistance. Also improves defense at higher levels.",
        "abilityIds": [
            73,
            74,
            75
        ]
    },
    {
        "id": 24,
        "name": "Blight Resistance",
        "description": "Grants protection against all elemental blights.",
        "abilityIds": [
            76,
            77,
            78
        ]
    },
    {
        "id": 25,
        "name": "Fire Attack",
        "description": "Increases fire element attack power. (Elemental attack power has a maximum limit.)",
        "abilityIds": [
            79,
            80,
            81,
            82,
            83
        ]
    },
    {
        "id": 26,
        "name": "Water Attack",
        "description": "Increases water element attack power. (Elemental attack power has a maximum limit.)",
        "abilityIds": [
            84,
            85,
            86,
            87,
            88
        ]
    },
    {
        "id": 27,
        "name": "Ice Attack",
        "description": "Increases ice element attack power. (Elemental attack power has as maximum limit.)",
        "abilityIds": [
            89,
            90,
            91,
            92,
            93
        ]
    },
    {
        "id": 28,
        "name": "Thunder Attack",
        "description": "Increases thunder element attack power. (Elemental attack power has a maximum limit.)",
        "abilityIds": [
            94,
            95,
            96,
            97,
            98
        ]
    },
    {
        "id": 29,
        "name": "Dragon Attack",
        "description": "Increases dragon element attack power. (Elemental attack power has a maximum limit.)",
        "abilityIds": [
            99,
            100,
            101,
            102,
            103
        ]
    },
    {
        "id": 30,
        "name": "Poison Attack",
        "description": "Increases the rate of poison buildup. (Elemental buildup has a maximum limit.)",
        "abilityIds": [
            104,
            105,
            106
        ]
    },
    {
        "id": 31,
        "name": "Paralysis Attack",
        "description": "Increases the rate of paralysis buildup. (Elemental buildup has a maximum limit.)",
        "abilityIds": [
            107,
            108,
            109
        ]
    },
    {
        "id": 32,
        "name": "Sleep Attack",
        "description": "Increases the rate of sleep buildup. (Elemental buildup has maximum limit.)",
        "abilityIds": [
            110,
            111,
            112
        ]
    },
    {
        "id": 33,
        "name": "Blast Attack",
        "description": "Increases the rate of the blast buildup. (Elemental buildup has a maximum limit.)",
        "abilityIds": [
            113,
            114,
            115
        ]
    },
    {
        "id": 34,
        "name": "Normal Shots",
        "description": "Increases the attack power of normal ammo and normal arrows.",
        "abilityIds": [
            116
        ]
    },
    {
        "id": 35,
        "name": "Piercing Shots",
        "description": "Increases the attack power of piercing ammo and Dragon Piercer.",
        "abilityIds": [
            117
        ]
    },
    {
        "id": 36,
        "name": "Spread/Power Shots",
        "description": "Increases the attack power of spread ammo and power shot arrows.",
        "abilityIds": [
            118
        ]
    },
    {
        "id": 37,
        "name": "Free Elem/Ammo Up",
        "description": "Unlocks your weapon's hidden element. Also increases bowgun loading capacity. (There is a cap to loading capacity.)",
        "abilityIds": [
            119,
            120,
            121
        ]
    },
    {
        "id": 38,
        "name": "Critical Eye",
        "description": "Increases affinity.",
        "abilityIds": [
            122,
            123,
            124,
            125,
            126,
            127,
            128
        ]
    },
    {
        "id": 39,
        "name": "Critical Boost",
        "description": "Increases the damage of critical hits.",
        "abilityIds": [
            129,
            130,
            131
        ]
    },
    {
        "id": 40,
        "name": "Weakness Exploit",
        "description": "Increases the affinity of attacks that exploit a monster weak spot.",
        "abilityIds": [
            132,
            133,
            134
        ]
    },
    {
        "id": 41,
        "name": "Focus",
        "description": "Increases the fill rate for weapons with gauges and the charge rate for weapons with charge attacks.",
        "abilityIds": [
            135,
            136,
            137
        ]
    },
    {
        "id": 42,
        "name": "Power Prolonger",
        "description": "Allows long swords, dual blades, insect glaives, switch axes, and charge blades to stay powered up longer.",
        "abilityIds": [
            138,
            139,
            140
        ]
    },
    {
        "id": 43,
        "name": "Handicraft",
        "description": "Extends the weapon sharpness gauage. However, it will not increase the gauge past its maximum.",
        "abilityIds": [
            141,
            142,
            143,
            144,
            145
        ]
    },
    {
        "id": 44,
        "name": "Critical Draw",
        "description": "Increases affinity when performing draw attacks.",
        "abilityIds": [
            146,
            147,
            148
        ]
    },
    {
        "id": 45,
        "name": "Partbreaker",
        "description": "Makes it easier to break or sever parts of large monsters.",
        "abilityIds": [
            149,
            150,
            151
        ]
    },
    {
        "id": 46,
        "name": "Slugger",
        "description": "Makes it easier to stun monsters.",
        "abilityIds": [
            152,
            153,
            154
        ]
    },
    {
        "id": 47,
        "name": "Stamina Thief",
        "description": "Increases certain attacks' ability to exhaust monsters.",
        "abilityIds": [
            155,
            156,
            157
        ]
    },
    {
        "id": 48,
        "name": "Master Mounter",
        "description": "Makes it easier to mount monsters.",
        "abilityIds": [
            158
        ]
    },
    {
        "id": 49,
        "name": "Airborne",
        "description": "Increases the damage caused by jumping attacks.",
        "abilityIds": [
            159
        ]
    },
    {
        "id": 50,
        "name": "Latent Power",
        "description": "Temporarily increases affinity and reduces stamina depletion when certain conditions are met.",
        "abilityIds": [
            160,
            161,
            162,
            163,
            164
        ]
    },
    {
        "id": 51,
        "name": "Agitator",
        "description": "Increases attack power and affinity when large monsters become enraged.",
        "abilityIds": [
            165,
            166,
            167,
            168,
            169
        ]
    },
    {
        "id": 52,
        "name": "Peak Performance",
        "description": "Increases attack when your health is full.",
        "abilityIds": [
            170,
            171,
            172
        ]
    },
    {
        "id": 53,
        "name": "Heroics",
        "description": "Increases attack power and defense when health drops to 35% or lower.",
        "abilityIds": [
            173,
            174,
            175,
            176,
            177
        ]
    },
    {
        "id": 54,
        "name": "Fortify",
        "description": "Increases your attack and defense every time you fall in battle. (This effect can stack twice.)",
        "abilityIds": [
            178
        ]
    },
    {
        "id": 55,
        "name": "Resentment",
        "description": "Increases attack when you have recoverable damage (the red portion of your health gauge).",
        "abilityIds": [
            179,
            180,
            181,
            182,
            183
        ]
    },
    {
        "id": 56,
        "name": "Resuscitate",
        "description": "Improves evasion and reduces stamina depletion when afflicted with abnormal status effects.",
        "abilityIds": [
            184
        ]
    },
    {
        "id": 57,
        "name": "Horn Maestro",
        "description": "Increases the effect duration of hunting horn melodies.",
        "abilityIds": [
            185
        ]
    },
    {
        "id": 58,
        "name": "Capacity Boost",
        "description": "Increases the gunlance's shell capacity and charge blade's phial capacity.",
        "abilityIds": [
            186
        ]
    },
    {
        "id": 59,
        "name": "Special Ammo Boost",
        "description": "Increases the power of bowgun special ammo and Dragon Piercer.",
        "abilityIds": [
            187,
            188
        ]
    },
    {
        "id": 60,
        "name": "Artillery",
        "description": "Strengthens explosive attacks like gunlance shells, Wyvern's Fire, charge blade phial attacks, and sticky ammo.",
        "abilityIds": [
            189,
            190,
            191
        ]
    },
    {
        "id": 61,
        "name": "Heavy Artillery",
        "description": "Increases the firepower of ballistae and cannons.",
        "abilityIds": [
            192,
            193
        ]
    },
    {
        "id": 62,
        "name": "Marathon Runner",
        "description": "Slows down stamina depletion for actions which continuously drain stamina (such as dashing).",
        "abilityIds": [
            194,
            195,
            196
        ]
    },
    {
        "id": 63,
        "name": "Constitution",
        "description": "Reduces stamina depletion when performing stamina-draining moves such as evading, etc.",
        "abilityIds": [
            197,
            198,
            199,
            200,
            201
        ]
    },
    {
        "id": 64,
        "name": "Leap of Faith",
        "description": "Allows you to do a dive-evade when facing towards large monsters, and extends the dive-evade distance.",
        "abilityIds": [
            202
        ]
    },
    {
        "id": 65,
        "name": "Stamina Surge",
        "description": "Speeds up stamina recovery.",
        "abilityIds": [
            203,
            204,
            205
        ]
    },
    {
        "id": 66,
        "name": "Hunger Resistance",
        "description": "Reduces maximum stamina depletion over time.",
        "abilityIds": [
            206,
            207,
            208
        ]
    },
    {
        "id": 67,
        "name": "Evade Window",
        "description": "Extends the invulnerability period when evading.",
        "abilityIds": [
            209,
            210,
            211,
            212,
            213
        ]
    },
    {
        "id": 68,
        "name": "Evade Extender",
        "description": "Increases evade distance.",
        "abilityIds": [
            214,
            215,
            216
        ]
    },
    {
        "id": 69,
        "name": "Guard",
        "description": "Reduces knockbacks and stamina depletion when guarding.",
        "abilityIds": [
            217,
            218,
            219,
            220,
            221
        ]
    },
    {
        "id": 70,
        "name": "Quick Sheath",
        "description": "Speeds up weapon sheathing.",
        "abilityIds": [
            222,
            223,
            224
        ]
    },
    {
        "id": 71,
        "name": "Wide-Range",
        "description": "Allows the effects of certain items to also affect nearby allies.",
        "abilityIds": [
            225,
            226,
            227,
            228,
            229
        ]
    },
    {
        "id": 72,
        "name": "Item Prolonger",
        "description": "Extends the duration of some item effects.",
        "abilityIds": [
            230,
            231,
            232
        ]
    },
    {
        "id": 73,
        "name": "Free Meal",
        "description": "Gives you a predetermined chance of consuming a food or drink item for free.",
        "abilityIds": [
            233
        ]
    },
    {
        "id": 74,
        "name": "Speed Eating",
        "description": "Increases meat-eating and item-consumption speed.",
        "abilityIds": [
            234,
            235,
            236
        ]
    },
    {
        "id": 75,
        "name": "Speed Sharpening",
        "description": "Speeds up weapon sharpening when using a whetstone.",
        "abilityIds": [
            237,
            238,
            239
        ]
    },
    {
        "id": 76,
        "name": "Bombardier",
        "description": "Increases the damage of explosive items.",
        "abilityIds": [
            240,
            241,
            242
        ]
    },
    {
        "id": 77,
        "name": "Mushroomancer",
        "description": "Lets you digest mushrooms that would otherwise be inedible and gain their advantageous effects.",
        "abilityIds": [
            243,
            244,
            245
        ]
    },
    {
        "id": 78,
        "name": "Master Fisher",
        "description": "Improves your skill at fishing.",
        "abilityIds": [
            246
        ]
    },
    {
        "id": 79,
        "name": "Pro Transporter",
        "description": "Increases your speed while transporting items and decreases the likelihood of dropping them.",
        "abilityIds": [
            247
        ]
    },
    {
        "id": 80,
        "name": "Master Gatherer",
        "description": "Allows you to gather more quickly, and also prevents attacks from knocking you back while gathering.",
        "abilityIds": [
            248
        ]
    },
    {
        "id": 81,
        "name": "Honey Hunter",
        "description": "Increases the quantity of honey you receive when gathering in the field.",
        "abilityIds": [
            249
        ]
    },
    {
        "id": 82,
        "name": "Carving Pro",
        "description": "Prevents knockback from attacks while carving.",
        "abilityIds": [
            250
        ]
    },
    {
        "id": 83,
        "name": "Divine Blessing",
        "description": "Has a predetermined chance of reducing the damage you take.",
        "abilityIds": [
            251,
            252,
            253
        ]
    },
    {
        "id": 84,
        "name": "Palico Rally",
        "description": "Powers up Palicoes.",
        "abilityIds": [
            254,
            255,
            256,
            257,
            258
        ]
    },
    {
        "id": 85,
        "name": "Botanist",
        "description": "Increases the quantity of herbs and other consumable items you gather.",
        "abilityIds": [
            259,
            260,
            261,
            262
        ]
    },
    {
        "id": 86,
        "name": "Geologist",
        "description": "Increases the number of times you can use a gathering point.",
        "abilityIds": [
            263,
            264,
            265
        ]
    },
    {
        "id": 87,
        "name": "Maximum Might",
        "description": "Increases affinity when stamina is full.",
        "abilityIds": [
            266,
            267,
            268
        ]
    },
    {
        "id": 88,
        "name": "Slinger Capacity",
        "description": "Increases the loading capacity for slinger ammo obtained in the field.",
        "abilityIds": [
            269,
            270,
            271
        ]
    },
    {
        "id": 89,
        "name": "Stealth",
        "description": "Makes it easier for monsters to lose sight of you.",
        "abilityIds": [
            272,
            273,
            274
        ]
    },
    {
        "id": 90,
        "name": "Flinch Free",
        "description": "Prevents knockbacks and other reactions to small damage.",
        "abilityIds": [
            275,
            276,
            277
        ]
    },
    {
        "id": 91,
        "name": "Scoutfly Range Up",
        "description": "Expands your scoutflies' detection range.",
        "abilityIds": [
            278
        ]
    },
    {
        "id": 92,
        "name": "Speed Crawler",
        "description": "Increases movement speed while crouching.",
        "abilityIds": [
            279
        ]
    },
    {
        "id": 93,
        "name": "Jump Master",
        "description": "Prevents attacks from knocking you back during a jump.",
        "abilityIds": [
            280
        ]
    },
    {
        "id": 94,
        "name": "Sporepuff Expert",
        "description": "Recover health when using sporepuffs.",
        "abilityIds": [
            281,
            282,
            283
        ]
    },
    {
        "id": 95,
        "name": "Aquatic Expert",
        "description": "Improves mobility in water.",
        "abilityIds": [
            284,
            285,
            286
        ]
    },
    {
        "id": 96,
        "name": "Cliffhanger",
        "description": "Decreases stamina depletion when evading while clinging to walls or ivy.",
        "abilityIds": [
            287
        ]
    },
    {
        "id": 97,
        "name": "Blindsider",
        "description": "Improves the effectiveness of flash attacks and items.",
        "abilityIds": [
            288
        ]
    },
    {
        "id": 98,
        "name": "Scholar",
        "description": "Speeds up progress on research levels and special investigations. (Effect is applied at the quest results screen.)",
        "abilityIds": [
            289
        ]
    },
    {
        "id": 99,
        "name": "Entomologist",
        "description": "Decreases the chances of destroying the bodies of small insect monsters, allowing them to be carved.",
        "abilityIds": [
            290,
            291,
            292
        ]
    },
    {
        "id": 100,
        "name": "Effluvia Resistance",
        "description": "Gain a resistance to effluvial buildup.",
        "abilityIds": [
            293,
            294,
            295
        ]
    },
    {
        "id": 101,
        "name": "Scenthound",
        "description": "Increases your scoutflies' gauge fill rate when you find tracks and other traces left by monsters.",
        "abilityIds": [
            296
        ]
    },
    {
        "id": 102,
        "name": "Forager's Luck",
        "description": "Increases the chance of finding rare gathering points.",
        "abilityIds": [
            297
        ]
    },
    {
        "id": 103,
        "name": "Detector",
        "description": "Shows rare gathering points on the Wildlife Map.",
        "abilityIds": [
            298
        ]
    },
    {
        "id": 104,
        "name": "BBQ Master",
        "description": "Improves your skill at cooking meat.",
        "abilityIds": [
            299
        ]
    },
    {
        "id": 105,
        "name": "Tool Specialist",
        "description": "Reduces the recharge time for specialized tools.",
        "abilityIds": [
            300,
            301,
            302
        ]
    },
    {
        "id": 106,
        "name": "Affinity Sliding",
        "description": "Sliding increases your affinity for a short time.",
        "abilityIds": [
            303
        ]
    },
    {
        "id": 107,
        "name": "Intimidator",
        "description": "Reduces the chances small monsters will attack after spotting you. (No effect on certain monsters.)",
        "abilityIds": [
            304,
            305,
            306
        ]
    },
    {
        "id": 108,
        "name": "Hasten Recovery",
        "description": "Regenerates your health as you continually attack a monster. Recovery varies by weapon.",
        "abilityIds": [
            307
        ]
    },
    {
        "id": 109,
        "name": "Super Recovery",
        "description": "Allows recovery to exceed the red portion of the health gauge.",
        "abilityIds": [
            308
        ]
    },
    {
        "id": 110,
        "name": "Poison Duration Up",
        "description": "Extends the duration of your poison's effect on monsters.",
        "abilityIds": [
            309
        ]
    },
    {
        "id": 111,
        "name": "Adrenaline",
        "description": "Temporarily reduces stamina depletion when health is at 40% or lower.",
        "abilityIds": [
            310
        ]
    },
    {
        "id": 112,
        "name": "Stamina Cap Up",
        "description": "Increases stamina cap.",
        "abilityIds": [
            311
        ]
    },
    {
        "id": 113,
        "name": "Critical Element",
        "description": "Increases elemental damage (fire, water, thunder, ice, dragon) when landing critical hits.",
        "abilityIds": [
            312
        ]
    },
    {
        "id": 114,
        "name": "Mind's Eye/Ballistics",
        "description": "Prevents attacks from being deflected. Also shortens the distance before ammo and arrows reach maximum power.",
        "abilityIds": [
            313
        ]
    },
    {
        "id": 115,
        "name": "Bludgeoner",
        "description": "Raises attack as your weapon loses sharpness. Also boosts ranged weapon melee attacks and odds of stunning.",
        "abilityIds": [
            314
        ]
    },
    {
        "id": 116,
        "name": "Non-elemental Boost",
        "description": "Powers up non-elemental weapons you have equipped.",
        "abilityIds": [
            315
        ]
    },
    {
        "id": 117,
        "name": "Capture Master",
        "description": "High chance of increased capture rewards. (No effect when joining mid-quest.)",
        "abilityIds": [
            316
        ]
    },
    {
        "id": 118,
        "name": "Guard Up",
        "description": "Allows you to guard against ordinarily unblockable attacks.",
        "abilityIds": [
            317
        ]
    },
    {
        "id": 119,
        "name": "Guts",
        "description": "Above a certain health threshold, you withstand an attack that would normally cart you (once only).",
        "abilityIds": [
            318
        ]
    },
    {
        "id": 120,
        "name": "Master's Touch",
        "description": "Prevents your weapon from losing sharpness during critical hits.",
        "abilityIds": [
            319
        ]
    },
    {
        "id": 121,
        "name": "Nullify Wind Pressure",
        "description": "Negates all wind pressure.",
        "abilityIds": [
            320
        ]
    },
    {
        "id": 122,
        "name": "Razor Sharp/Spare Shot",
        "description": "Halves sharpness loss. For bows and bowguns, shots have a chance not to expend coatings or ammo.",
        "abilityIds": [
            321
        ]
    },
    {
        "id": 123,
        "name": "Critical Status",
        "description": "Increases abnormal status effect damage (paralysis, poison, sleep, blast) when landing critical hits.",
        "abilityIds": [
            322
        ]
    },
    {
        "id": 124,
        "name": "Good Luck",
        "description": "Good chance of increased quest rewards. (No effect when joining mid-quest.)",
        "abilityIds": [
            323
        ]
    },
    {
        "id": 125,
        "name": "Bow Charge Plus",
        "description": "Increases max bow charge level by one.",
        "abilityIds": [
            324
        ]
    },
    {
        "id": 126,
        "name": "Punishing Draw",
        "description": "Adds a stun effect to draw attacks and slightly increases attack power.",
        "abilityIds": [
            325
        ]
    },
    {
        "id": 127,
        "name": "Protective Polish",
        "description": "Weapon sharpness does not decrease for a set time after sharpening.",
        "abilityIds": [
            326
        ]
    },
    {
        "id": 128,
        "name": "Poison Functionality",
        "description": "Allows you to apply poison coatings.",
        "abilityIds": [
            327
        ]
    },
    {
        "id": 129,
        "name": "Para Functionality",
        "description": "Allows you to apply paralysis coatings.",
        "abilityIds": [
            328
        ]
    },
    {
        "id": 130,
        "name": "Sleep Functionality",
        "description": "Allows you to apply sleep coatings.",
        "abilityIds": [
            329
        ]
    },
    {
        "id": 131,
        "name": "Blast Functionality",
        "description": "Allows you to apply blast coatings.",
        "abilityIds": [
            330
        ]
    },
    {
        "id": 132,
        "name": "Elderseal Boost",
        "description": "Increases the Elderseal of weapons and dragon ammo.",
        "abilityIds": [
            331
        ]
    },
    {
        "id": 133,
        "name": "Great Luck",
        "description": "High chance of increased quest rewards. (No effect when joining mid-quest.)",
        "abilityIds": [
            332
        ]
    },
    {
        "id": 134,
        "name": "Carving Master",
        "description": "Lets you carve one additional time. (No effect when joining mid-quest.)",
        "abilityIds": [
            333
        ]
    },
    {
        "id": 135,
        "name": "Elemental Airborne",
        "description": "Elemental damage increased for jumping attacks.",
        "abilityIds": [
            334
        ]
    }
]
