[
    {
        "id": 0,
        "armorPieceIds": [
            147,
            147,
            147,
            147,
            147
        ]
    },
    {
        "id": 1,
        "armorPieceIds": [
            148,
            148,
            148,
            148,
            148
        ]
    },
    {
        "id": 2,
        "armorPieceIds": [
            149,
            149,
            149,
            149,
            149
        ]
    },
    {
        "id": 3,
        "armorPieceIds": [
            150,
            150,
            150,
            150,
            150
        ]
    },
    {
        "id": 4,
        "armorPieceIds": [
            179,
            179,
            179,
            179,
            179
        ]
    },
    {
        "id": 5,
        "armorPieceIds": [
            180,
            180,
            180,
            180,
            180
        ]
    }
]