[
    {
        "id": 0,
        "name": "Leather Headgear",
        "rarity": 1,
        "abilityIds": [
            206
        ],
        "defense": {
            "base": 2,
            "max": 38,
            "augmented": 68
        },
        "resistances": {
            "fire": 2,
            "water": 0,
            "thunder": 0,
            "ice": 0,
            "dragon": 0
        },
        "attributes": {
            "gender": 3
        }
    },
    {
        "id": 1,
        "name": "Chainmail Headgear",
        "rarity": 1,
        "abilityIds": [
            248
        ],
        "defense": {
            "base": 2,
            "max": 38,
            "augmented": 68
        },
        "resistances": {
            "fire": 0,
            "water": 2,
            "thunder": 0,
            "ice": 0,
            "dragon": 0
        },
        "attributes": {
            "gender": 3
        }
    },
    {
        "id": 2,
        "name": "Hunter's Headgear",
        "rarity": 1,
        "abilityIds": [
            278
        ],
        "defense": {
            "base": 6,
            "max": 42,
            "augmented": 72
        },
        "resistances": {
            "fire": 2,
            "water": 2,
            "thunder": 0,
            "ice": 0,
            "dragon": 0
        },
        "attributes": {
            "gender": 3
        }
    },
    {
        "id": 3,
        "name": "Bone Helm",
        "rarity": 1,
        "abilityIds": [
            52
        ],
        "defense": {
            "base": 6,
            "max": 42,
            "augmented": 72
        },
        "resistances": {
            "fire": 2,
            "water": 0,
            "thunder": 2,
            "ice": 0,
            "dragon": 2
        },
        "attributes": {
            "gender": 3
        }
    },
    {
        "id": 4,
        "name": "Vespoid Helm",
        "rarity": 1,
        "abilityIds": [
            222
        ],
        "defense": {
            "base": 8,
            "max": 44,
            "augmented": 74
        },
        "resistances": {
            "fire": -2,
            "water": 1,
            "thunder": 1,
            "ice": 1,
            "dragon": 2
        },
        "attributes": {
            "gender": 3
        }
    },
    {
        "id": 7,
        "name": "Jagras Helm",
        "rarity": 1,
        "abilityIds": [
            234
        ],
        "defense": {
            "base": 8,
            "max": 44,
            "augmented": 74
        },
        "resistances": {
            "fire": -2,
            "water": 2,
            "thunder": -1,
            "ice": -1,
            "dragon": 1
        },
        "attributes": {
            "gender": 3
        }
    },
    {
        "id": 8,
        "name": "Kulu Headpiece",
        "rarity": 1,
        "abilityIds": [
            61
        ],
        "defense": {
            "base": 10,
            "max": 46,
            "augmented": 76
        },
        "resistances": {
            "fire": 0,
            "water": -3,
            "thunder": 0,
            "ice": 1,
            "dragon": 0
        },
        "attributes": {
            "gender": 3
        }
    },
    {
        "id": 9,
        "name": "Alloy Helm",
        "rarity": 2,
        "abilityIds": [
            27
        ],
        "defense": {
            "base": 8,
            "max": 40,
            "augmented": 66
        },
        "resistances": {
            "fire": -2,
            "water": 1,
            "thunder": -2,
            "ice": -2,
            "dragon": 1
        },
        "attributes": {
            "gender": 3
        }
    },
    {
        "id": 10,
        "name": "Pukei Hood",
        "rarity": 2,
        "abilityIds": [
            281
        ],
        "defense": {
            "base": 12,
            "max": 44,
            "augmented": 70
        },
        "resistances": {
            "fire": 0,
            "water": 3,
            "thunder": -3,
            "ice": 0,
            "dragon": 1
        },
        "attributes": {
            "gender": 3
        }
    },
    {
        "id": 11,
        "name": "Barroth Helm",
        "rarity": 2,
        "abilityIds": [
            217
        ],
        "defense": {
            "base": 14,
            "max": 38,
            "augmented": 72
        },
        "resistances": {
            "fire": -3,
            "water": -1,
            "thunder": 3,
            "ice": -1,
            "dragon": 0
        },
        "attributes": {
            "gender": 3
        }
    },
    {
        "id": 12,
        "name": "Jyura Helm",
        "rarity": 2,
        "abilityIds": [
            284
        ],
        "defense": {
            "base": 14,
            "max": 46,
            "augmented": 72
        },
        "resistances": {
            "fire": -1,
            "water": 2,
            "thunder": -3,
            "ice": 0,
            "dragon": 0
        },
        "attributes": {
            "gender": 3
        }
    },
    {
        "id": 13,
        "name": "Kadachi Helm",
        "rarity": 2,
        "abilityIds": [
            197
        ],
        "defense": {
            "base": 16,
            "max": 48,
            "augmented": 74
        },
        "resistances": {
            "fire": 0,
            "water": -3,
            "thunder": 3,
            "ice": 0,
            "dragon": 0
        },
        "attributes": {
            "gender": 3
        }
    },
    {
        "id": 14,
        "name": "High Metal Helm",
        "rarity": 3,
        "abilityIds": [
            67
        ],
        "defense": {
            "base": 18,
            "max": 46,
            "augmented": 70
        },
        "resistances": {
            "fire": 0,
            "water": -1,
            "thunder": -2,
            "ice": 3,
            "dragon": 0
        },
        "attributes": {
            "gender": 3
        }
    },
    {
        "id": 15,
        "name": "King Beetle Vertex",
        "rarity": 3,
        "abilityIds": [
            209
        ],
        "defense": {
            "base": 22,
            "max": 50,
            "augmented": 74
        },
        "resistances": {
            "fire": -1,
            "water": -1,
            "thunder": 2,
            "ice": 0,
            "dragon": 2
        },
        "attributes": {
            "gender": 1
        }
    },
    {
        "id": 16,
        "name": "Butterfly Vertex",
        "rarity": 3,
        "abilityIds": [
            209
        ],
        "defense": {
            "base": 22,
            "max": 50,
            "augmented": 74
        },
        "resistances": {
            "fire": -1,
            "water": -1,
            "thunder": 2,
            "ice": 0,
            "dragon": 2
        },
        "attributes": {
            "gender": 2
        }
    },
    {
        "id": 17,
        "name": "Shamos Goggles",
        "rarity": 3,
        "abilityIds": [
            298
        ],
        "defense": {
            "base": 22,
            "max": 50,
            "augmented": 74
        },
        "resistances": {
            "fire": 2,
            "water": 2,
            "thunder": 0,
            "ice": -3,
            "dragon": 0
        },
        "attributes": {
            "gender": 3
        }
    },
    {
        "id": 18,
        "name": "Hornetaur Helm",
        "rarity": 3,
        "abilityIds": [
            35
        ],
        "defense": {
            "base": 18,
            "max": 46,
            "augmented": 70
        },
        "resistances": {
            "fire": -1,
            "water": -1,
            "thunder": 0,
            "ice": 0,
            "dragon": 2
        },
        "attributes": {
            "gender": 3
        }
    },
    {
        "id": 19,
        "name": "Anja Helm",
        "rarity": 3,
        "abilityIds": [
            79
        ],
        "defense": {
            "base": 20,
            "max": 48,
            "augmented": 72
        },
        "resistances": {
            "fire": 3,
            "water": -3,
            "thunder": -1,
            "ice": -1,
            "dragon": 0
        },
        "attributes": {
            "gender": 3
        },
        "armorSetSkillIds": [
            0
        ]
    },
    {
        "id": 20,
        "name": "Rathian Helm",
        "rarity": 3,
        "abilityIds": [
            52
        ],
        "defense": {
            "base": 22,
            "max": 50,
            "augmented": 74
        },
        "resistances": {
            "fire": 2,
            "water": 0,
            "thunder": -2,
            "ice": 0,
            "dragon": -3
        },
        "attributes": {
            "gender": 3
        }
    },
    {
        "id": 21,
        "name": "Tzitzi Headgear",
        "rarity": 3,
        "abilityIds": [
            288
        ],
        "defense": {
            "base": 18,
            "max": 46,
            "augmented": 70
        },
        "resistances": {
            "fire": 0,
            "water": 0,
            "thunder": -3,
            "ice": -2,
            "dragon": 0
        },
        "attributes": {
            "gender": 3
        }
    },
    {
        "id": 22,
        "name": "Lumu Hat",
        "rarity": 3,
        "abilityIds": [
            203
        ],
        "defense": {
            "base": 20,
            "max": 48,
            "augmented": 72
        },
        "resistances": {
            "fire": -3,
            "water": 2,
            "thunder": 0,
            "ice": 1,
            "dragon": 0
        },
        "attributes": {
            "gender": 3
        }
    },
    {
        "id": 23,
        "name": "Girros Mask",
        "rarity": 3,
        "abilityIds": [
            185
        ],
        "defense": {
            "base": 20,
            "max": 48,
            "augmented": 72
        },
        "resistances": {
            "fire": 0,
            "water": -3,
            "thunder": 2,
            "ice": 0,
            "dragon": 1
        },
        "attributes": {
            "gender": 3
        }
    },
    {
        "id": 24,
        "name": "Baan Helm",
        "rarity": 3,
        "abilityIds": [
            152
        ],
        "defense": {
            "base": 24,
            "max": 52,
            "augmented": 76
        },
        "resistances": {
            "fire": 0,
            "water": 2,
            "thunder": 0,
            "ice": -1,
            "dragon": -2
        },
        "attributes": {
            "gender": 3
        }
    },
    {
        "id": 25,
        "name": "Ingot Helm",
        "rarity": 4,
        "abilityIds": [
            94
        ],
        "defense": {
            "base": 28,
            "max": 52,
            "augmented": 72
        },
        "resistances": {
            "fire": -2,
            "water": 0,
            "thunder": 3,
            "ice": -1,
            "dragon": 0
        },
        "attributes": {
            "gender": 3
        }
    },
    {
        "id": 26,
        "name": "Death Stench Brain",
        "rarity": 4,
        "abilityIds": [
            184
        ],
        "defense": {
            "base": 32,
            "max": 56,
            "augmented": 76
        },
        "resistances": {
            "fire": 3,
            "water": 2,
            "thunder": -2,
            "ice": 3,
            "dragon": -4
        },
        "attributes": {
            "gender": 3
        }
    },
    {
        "id": 27,
        "name": "Brigade Lobos",
        "rarity": 4,
        "abilityIds": [
            58
        ],
        "defense": {
            "base": 28,
            "max": 52,
            "augmented": 72
        },
        "resistances": {
            "fire": 1,
            "water": 0,
            "thunder": 2,
            "ice": 0,
            "dragon": 2
        },
        "attributes": {
            "gender": 3
        }
    },
    {
        "id": 28,
        "name": "Legiana Helm",
        "rarity": 4,
        "abilityIds": [
            251
        ],
        "defense": {
            "base": 30,
            "max": 54,
            "augmented": 74
        },
        "resistances": {
            "fire": -1,
            "water": 2,
            "thunder": -3,
            "ice": 3,
            "dragon": 0
        },
        "attributes": {
            "gender": 3
        },
        "armorSetSkillIds": [
            1
        ]
    },
    {
        "id": 29,
        "name": "Odogaron Helm",
        "rarity": 4,
        "abilityIds": [
            16
        ],
        "defense": {
            "base": 30,
            "max": 54,
            "augmented": 74
        },
        "resistances": {
            "fire": 2,
            "water": 2,
            "thunder": -2,
            "ice": -3,
            "dragon": 0
        },
        "attributes": {
            "gender": 3
        },
        "armorSetSkillIds": [
            2
        ]
    },
    {
        "id": 30,
        "name": "Rathalos Helm",
        "rarity": 4,
        "abilityIds": [
            38
        ],
        "defense": {
            "base": 30,
            "max": 54,
            "augmented": 74
        },
        "resistances": {
            "fire": 3,
            "water": 1,
            "thunder": -2,
            "ice": 1,
            "dragon": -3
        },
        "attributes": {
            "gender": 3
        },
        "armorSetSkillIds": [
            3
        ]
    },
    {
        "id": 31,
        "name": "Diablos Helm",
        "rarity": 4,
        "abilityIds": [
            146
        ],
        "defense": {
            "base": 32,
            "max": 56,
            "augmented": 76
        },
        "resistances": {
            "fire": 3,
            "water": -2,
            "thunder": 0,
            "ice": -3,
            "dragon": 2
        },
        "attributes": {
            "gender": 3
        },
        "armorSetSkillIds": [
            4
        ]
    },
    {
        "id": 32,
        "name": "Kirin Horn",
        "rarity": 4,
        "abilityIds": [
            194
        ],
        "defense": {
            "base": 34,
            "max": 58,
            "augmented": 78
        },
        "resistances": {
            "fire": -3,
            "water": -2,
            "thunder": 4,
            "ice": -2,
            "dragon": 3
        },
        "attributes": {
            "gender": 3
        },
        "armorSetSkillIds": [
            5
        ]
    },
    {
        "id": 33,
        "name": "Leather Headgear α",
        "rarity": 5,
        "abilityIds": [
            207
        ],
        "defense": {
            "base": 32,
            "max": 54,
            "augmented": 70
        },
        "resistances": {
            "fire": 2,
            "water": 0,
            "thunder": 0,
            "ice": 0,
            "dragon": 0
        },
        "attributes": {
            "gender": 3
        }
    },
    {
        "id": 34,
        "name": "Leather Headgear β",
        "rarity": 5,
        "slots": [
            1
        ],
        "abilityIds": [
            206
        ],
        "defense": {
            "base": 32,
            "max": 54,
            "augmented": 70
        },
        "resistances": {
            "fire": 2,
            "water": 0,
            "thunder": 0,
            "ice": 0,
            "dragon": 0
        },
        "attributes": {
            "gender": 3
        }
    },
    {
        "id": 35,
        "name": "Chainmail Headgear α",
        "rarity": 5,
        "abilityIds": [
            248,
            217
        ],
        "defense": {
            "base": 32,
            "max": 54,
            "augmented": 70
        },
        "resistances": {
            "fire": 0,
            "water": 2,
            "thunder": 0,
            "ice": 0,
            "dragon": 0
        },
        "attributes": {
            "gender": 3
        }
    },
    {
        "id": 36,
        "name": "Chainmail Headgear β",
        "rarity": 5,
        "slots": [
            1
        ],
        "abilityIds": [
            248
        ],
        "defense": {
            "base": 32,
            "max": 54,
            "augmented": 70
        },
        "resistances": {
            "fire": 0,
            "water": 2,
            "thunder": 0,
            "ice": 0,
            "dragon": 0
        },
        "attributes": {
            "gender": 3
        }
    },
    {
        "id": 37,
        "name": "Hunter's Headgear α",
        "rarity": 5,
        "abilityIds": [
            278,
            289
        ],
        "defense": {
            "base": 36,
            "max": 58,
            "augmented": 74
        },
        "resistances": {
            "fire": 2,
            "water": 2,
            "thunder": 0,
            "ice": 0,
            "dragon": 0
        },
        "attributes": {
            "gender": 3
        }
    },
    {
        "id": 38,
        "name": "Hunter's Headgear β",
        "rarity": 5,
        "slots": [
            1
        ],
        "abilityIds": [
            278
        ],
        "defense": {
            "base": 36,
            "max": 58,
            "augmented": 74
        },
        "resistances": {
            "fire": 2,
            "water": 2,
            "thunder": 0,
            "ice": 0,
            "dragon": 0
        },
        "attributes": {
            "gender": 3
        }
    },
    {
        "id": 39,
        "name": "Bone Helm α",
        "rarity": 5,
        "abilityIds": [
            52,
            290
        ],
        "defense": {
            "base": 36,
            "max": 58,
            "augmented": 74
        },
        "resistances": {
            "fire": 2,
            "water": 0,
            "thunder": 2,
            "ice": 0,
            "dragon": 2
        },
        "attributes": {
            "gender": 3
        }
    },
    {
        "id": 40,
        "name": "Bone Helm β",
        "rarity": 5,
        "slots": [
            1
        ],
        "abilityIds": [
            52
        ],
        "defense": {
            "base": 36,
            "max": 58,
            "augmented": 74
        },
        "resistances": {
            "fire": 2,
            "water": 0,
            "thunder": 2,
            "ice": 0,
            "dragon": 2
        },
        "attributes": {
            "gender": 3
        }
    },
    {
        "id": 41,
        "name": "Alloy Helm α",
        "rarity": 5,
        "abilityIds": [
            27,
            45
        ],
        "defense": {
            "base": 36,
            "max": 58,
            "augmented": 74
        },
        "resistances": {
            "fire": -2,
            "water": 0,
            "thunder": -2,
            "ice": -2,
            "dragon": 0
        },
        "attributes": {
            "gender": 3
        }
    },
    {
        "id": 42,
        "name": "Alloy Helm β",
        "rarity": 5,
        "slots": [
            1
        ],
        "abilityIds": [
            27
        ],
        "defense": {
            "base": 36,
            "max": 58,
            "augmented": 74
        },
        "resistances": {
            "fire": -2,
            "water": 0,
            "thunder": -2,
            "ice": -2,
            "dragon": 0
        },
        "attributes": {
            "gender": 3
        }
    },
    {
        "id": 43,
        "name": "King Beetle Vertex α",
        "rarity": 5,
        "abilityIds": [
            210,
            259
        ],
        "defense": {
            "base": 42,
            "max": 64,
            "augmented": 80
        },
        "resistances": {
            "fire": -1,
            "water": -1,
            "thunder": 2,
            "ice": 0,
            "dragon": 2
        },
        "attributes": {
            "gender": 1
        }
    },
    {
        "id": 44,
        "name": "King Beetle Vertex β",
        "rarity": 5,
        "slots": [
            1
        ],
        "abilityIds": [
            210
        ],
        "defense": {
            "base": 42,
            "max": 64,
            "augmented": 80
        },
        "resistances": {
            "fire": -1,
            "water": -1,
            "thunder": 2,
            "ice": 0,
            "dragon": 2
        },
        "attributes": {
            "gender": 1
        }
    },
    {
        "id": 45,
        "name": "Butterfly Vertex α",
        "rarity": 5,
        "abilityIds": [
            210,
            259
        ],
        "defense": {
            "base": 42,
            "max": 64,
            "augmented": 80
        },
        "resistances": {
            "fire": -1,
            "water": -1,
            "thunder": 2,
            "ice": 0,
            "dragon": 2
        },
        "attributes": {
            "gender": 2
        }
    },
    {
        "id": 46,
        "name": "Butterfly Vertex β",
        "rarity": 5,
        "slots": [
            1
        ],
        "abilityIds": [
            210
        ],
        "defense": {
            "base": 42,
            "max": 64,
            "augmented": 80
        },
        "resistances": {
            "fire": -1,
            "water": -1,
            "thunder": 2,
            "ice": 0,
            "dragon": 2
        },
        "attributes": {
            "gender": 2
        }
    },
    {
        "id": 47,
        "name": "Vespoid Helm α",
        "rarity": 5,
        "abilityIds": [
            222,
            107
        ],
        "defense": {
            "base": 38,
            "max": 60,
            "augmented": 76
        },
        "resistances": {
            "fire": -2,
            "water": 1,
            "thunder": 1,
            "ice": 1,
            "dragon": 2
        },
        "attributes": {
            "gender": 3
        }
    },
    {
        "id": 48,
        "name": "Vespoid Helm β",
        "rarity": 5,
        "slots": [
            1
        ],
        "abilityIds": [
            222
        ],
        "defense": {
            "base": 38,
            "max": 60,
            "augmented": 76
        },
        "resistances": {
            "fire": -2,
            "water": 1,
            "thunder": 1,
            "ice": 1,
            "dragon": 2
        },
        "attributes": {
            "gender": 3
        }
    },
    {
        "id": 49,
        "name": "Hornetaur Helm α",
        "rarity": 5,
        "abilityIds": [
            35,
            99
        ],
        "defense": {
            "base": 38,
            "max": 60,
            "augmented": 76
        },
        "resistances": {
            "fire": -1,
            "water": -1,
            "thunder": 0,
            "ice": 0,
            "dragon": 2
        },
        "attributes": {
            "gender": 3
        }
    },
    {
        "id": 50,
        "name": "Hornetaur Helm β",
        "rarity": 5,
        "slots": [
            1
        ],
        "abilityIds": [
            35
        ],
        "defense": {
            "base": 38,
            "max": 60,
            "augmented": 76
        },
        "resistances": {
            "fire": -1,
            "water": -1,
            "thunder": 0,
            "ice": 0,
            "dragon": 2
        },
        "attributes": {
            "gender": 3
        }
    },
    {
        "id": 51,
        "name": "Mosswine Mask α",
        "rarity": 5,
        "abilityIds": [
            244
        ],
        "defense": {
            "base": 40,
            "max": 62,
            "augmented": 78
        },
        "resistances": {
            "fire": 2,
            "water": 2,
            "thunder": 2,
            "ice": 2,
            "dragon": 2
        },
        "attributes": {
            "gender": 3
        }
    },
    {
        "id": 56,
        "name": "Shamos Goggles α",
        "rarity": 5,
        "abilityIds": [
            298,
            263
        ],
        "defense": {
            "base": 40,
            "max": 62,
            "augmented": 78
        },
        "resistances": {
            "fire": 2,
            "water": 2,
            "thunder": 0,
            "ice": -3,
            "dragon": 0
        },
        "attributes": {
            "gender": 3
        }
    },
    {
        "id": 57,
        "name": "Shamos Goggles β",
        "rarity": 5,
        "slots": [
            1
        ],
        "abilityIds": [
            298
        ],
        "defense": {
            "base": 40,
            "max": 62,
            "augmented": 78
        },
        "resistances": {
            "fire": 2,
            "water": 2,
            "thunder": 0,
            "ice": -3,
            "dragon": 0
        },
        "attributes": {
            "gender": 3
        }
    },
    {
        "id": 58,
        "name": "Jagras Helm α",
        "rarity": 5,
        "abilityIds": [
            235
        ],
        "defense": {
            "base": 40,
            "max": 62,
            "augmented": 78
        },
        "resistances": {
            "fire": -2,
            "water": 2,
            "thunder": -1,
            "ice": -1,
            "dragon": 1
        },
        "attributes": {
            "gender": 3
        }
    },
    {
        "id": 59,
        "name": "Jagras Helm β",
        "rarity": 5,
        "slots": [
            1
        ],
        "abilityIds": [
            234
        ],
        "defense": {
            "base": 40,
            "max": 62,
            "augmented": 78
        },
        "resistances": {
            "fire": -2,
            "water": 2,
            "thunder": -1,
            "ice": -1,
            "dragon": 1
        },
        "attributes": {
            "gender": 3
        }
    },
    {
        "id": 60,
        "name": "Kulu Headpiece α",
        "rarity": 5,
        "abilityIds": [
            61,
            132
        ],
        "defense": {
            "base": 40,
            "max": 62,
            "augmented": 78
        },
        "resistances": {
            "fire": 0,
            "water": -3,
            "thunder": 0,
            "ice": 1,
            "dragon": 0
        },
        "attributes": {
            "gender": 3
        }
    },
    {
        "id": 61,
        "name": "Kulu Headpiece β",
        "rarity": 5,
        "slots": [
            1,
            1
        ],
        "abilityIds": [
            61
        ],
        "defense": {
            "base": 40,
            "max": 62,
            "augmented": 78
        },
        "resistances": {
            "fire": 0,
            "water": -3,
            "thunder": 0,
            "ice": 1,
            "dragon": 0
        },
        "attributes": {
            "gender": 3
        }
    },
    {
        "id": 62,
        "name": "Tzitzi Headgear α",
        "rarity": 5,
        "abilityIds": [
            288,
            9
        ],
        "defense": {
            "base": 40,
            "max": 62,
            "augmented": 78
        },
        "resistances": {
            "fire": 0,
            "water": 0,
            "thunder": -3,
            "ice": -2,
            "dragon": 0
        },
        "attributes": {
            "gender": 3
        }
    },
    {
        "id": 63,
        "name": "Tzitzi Headgear β",
        "rarity": 5,
        "slots": [
            1
        ],
        "abilityIds": [
            288
        ],
        "defense": {
            "base": 40,
            "max": 62,
            "augmented": 78
        },
        "resistances": {
            "fire": 0,
            "water": 0,
            "thunder": -3,
            "ice": -2,
            "dragon": 0
        },
        "attributes": {
            "gender": 3
        }
    },
    {
        "id": 64,
        "name": "Girros Mask α",
        "rarity": 5,
        "abilityIds": [
            185,
            3
        ],
        "defense": {
            "base": 40,
            "max": 62,
            "augmented": 78
        },
        "resistances": {
            "fire": 0,
            "water": -3,
            "thunder": 2,
            "ice": 0,
            "dragon": 1
        },
        "attributes": {
            "gender": 3
        }
    },
    {
        "id": 65,
        "name": "Girros Mask β",
        "rarity": 5,
        "slots": [
            1
        ],
        "abilityIds": [
            185
        ],
        "defense": {
            "base": 40,
            "max": 62,
            "augmented": 78
        },
        "resistances": {
            "fire": 0,
            "water": -3,
            "thunder": 2,
            "ice": 0,
            "dragon": 1
        },
        "attributes": {
            "gender": 3
        }
    },
    {
        "id": 66,
        "name": "Pukei Hood α",
        "rarity": 5,
        "abilityIds": [
            282
        ],
        "defense": {
            "base": 42,
            "max": 64,
            "augmented": 80
        },
        "resistances": {
            "fire": 0,
            "water": 3,
            "thunder": -3,
            "ice": 0,
            "dragon": 1
        },
        "attributes": {
            "gender": 3
        }
    },
    {
        "id": 67,
        "name": "Pukei Hood β",
        "rarity": 5,
        "slots": [
            1,
            1
        ],
        "abilityIds": [
            281
        ],
        "defense": {
            "base": 42,
            "max": 64,
            "augmented": 80
        },
        "resistances": {
            "fire": 0,
            "water": 3,
            "thunder": -3,
            "ice": 0,
            "dragon": 1
        },
        "attributes": {
            "gender": 3
        }
    },
    {
        "id": 68,
        "name": "Barroth Helm α",
        "rarity": 5,
        "abilityIds": [
            218
        ],
        "defense": {
            "base": 42,
            "max": 64,
            "augmented": 80
        },
        "resistances": {
            "fire": -3,
            "water": -1,
            "thunder": 3,
            "ice": -1,
            "dragon": 0
        },
        "attributes": {
            "gender": 3
        }
    },
    {
        "id": 69,
        "name": "Barroth Helm β",
        "rarity": 5,
        "slots": [
            1
        ],
        "abilityIds": [
            217
        ],
        "defense": {
            "base": 42,
            "max": 64,
            "augmented": 80
        },
        "resistances": {
            "fire": -3,
            "water": -1,
            "thunder": 3,
            "ice": -1,
            "dragon": 0
        },
        "attributes": {
            "gender": 3
        }
    },
    {
        "id": 70,
        "name": "Anja Helm α",
        "rarity": 5,
        "abilityIds": [
            80,
            61
        ],
        "defense": {
            "base": 44,
            "max": 66,
            "augmented": 82
        },
        "resistances": {
            "fire": 3,
            "water": -3,
            "thunder": -1,
            "ice": -1,
            "dragon": 0
        },
        "attributes": {
            "gender": 3
        },
        "armorSetSkillIds": [
            6
        ]
    },
    {
        "id": 71,
        "name": "Anja Helm β",
        "rarity": 5,
        "slots": [
            2
        ],
        "abilityIds": [
            80
        ],
        "defense": {
            "base": 44,
            "max": 66,
            "augmented": 82
        },
        "resistances": {
            "fire": 3,
            "water": -3,
            "thunder": -1,
            "ice": -1,
            "dragon": 0
        },
        "attributes": {
            "gender": 3
        },
        "armorSetSkillIds": [
            6
        ]
    },
    {
        "id": 72,
        "name": "Jyura Helm α",
        "rarity": 5,
        "abilityIds": [
            285
        ],
        "defense": {
            "base": 44,
            "max": 66,
            "augmented": 82
        },
        "resistances": {
            "fire": -1,
            "water": 2,
            "thunder": -3,
            "ice": 0,
            "dragon": 0
        },
        "attributes": {
            "gender": 3
        }
    },
    {
        "id": 73,
        "name": "Jyura Helm β",
        "rarity": 5,
        "slots": [
            1
        ],
        "abilityIds": [
            284
        ],
        "defense": {
            "base": 44,
            "max": 66,
            "augmented": 82
        },
        "resistances": {
            "fire": -1,
            "water": 2,
            "thunder": -3,
            "ice": 0,
            "dragon": 0
        },
        "attributes": {
            "gender": 3
        }
    },
    {
        "id": 74,
        "name": "Kadachi Helm α",
        "rarity": 5,
        "abilityIds": [
            198
        ],
        "defense": {
            "base": 44,
            "max": 66,
            "augmented": 82
        },
        "resistances": {
            "fire": 0,
            "water": -3,
            "thunder": 3,
            "ice": 0,
            "dragon": 0
        },
        "attributes": {
            "gender": 3
        }
    },
    {
        "id": 75,
        "name": "Kadachi Helm β",
        "rarity": 5,
        "slots": [
            2
        ],
        "abilityIds": [
            197
        ],
        "defense": {
            "base": 44,
            "max": 66,
            "augmented": 82
        },
        "resistances": {
            "fire": 0,
            "water": -3,
            "thunder": 3,
            "ice": 0,
            "dragon": 0
        },
        "attributes": {
            "gender": 3
        }
    },
    {
        "id": 76,
        "name": "Lumu Hat α",
        "rarity": 5,
        "abilityIds": [
            204
        ],
        "defense": {
            "base": 44,
            "max": 66,
            "augmented": 82
        },
        "resistances": {
            "fire": -3,
            "water": 2,
            "thunder": 0,
            "ice": 1,
            "dragon": 0
        },
        "attributes": {
            "gender": 3
        }
    },
    {
        "id": 77,
        "name": "Lumu Hat β",
        "rarity": 5,
        "slots": [
            2
        ],
        "abilityIds": [
            203
        ],
        "defense": {
            "base": 44,
            "max": 66,
            "augmented": 82
        },
        "resistances": {
            "fire": -3,
            "water": 2,
            "thunder": 0,
            "ice": 1,
            "dragon": 0
        },
        "attributes": {
            "gender": 3
        }
    },
    {
        "id": 78,
        "name": "Rathian Helm α",
        "rarity": 5,
        "abilityIds": [
            53,
            104
        ],
        "defense": {
            "base": 46,
            "max": 68,
            "augmented": 84
        },
        "resistances": {
            "fire": 2,
            "water": 0,
            "thunder": -2,
            "ice": 0,
            "dragon": -3
        },
        "attributes": {
            "gender": 3
        }
    },
    {
        "id": 79,
        "name": "Rathian Helm β",
        "rarity": 5,
        "slots": [
            1
        ],
        "abilityIds": [
            52,
            104
        ],
        "defense": {
            "base": 46,
            "max": 68,
            "augmented": 84
        },
        "resistances": {
            "fire": 2,
            "water": 0,
            "thunder": -2,
            "ice": 0,
            "dragon": -3
        },
        "attributes": {
            "gender": 3
        }
    },
    {
        "id": 80,
        "name": "Rath Heart Helm α",
        "rarity": 6,
        "abilityIds": [
            214,
            104
        ],
        "defense": {
            "base": 52,
            "max": 72,
            "augmented": 84
        },
        "resistances": {
            "fire": 3,
            "water": 0,
            "thunder": -3,
            "ice": 0,
            "dragon": -4
        },
        "attributes": {
            "gender": 3
        },
        "armorSetSkillIds": [
            7
        ]
    },
    {
        "id": 81,
        "name": "Rath Heart Helm β",
        "rarity": 6,
        "slots": [
            2
        ],
        "abilityIds": [
            214
        ],
        "defense": {
            "base": 52,
            "max": 72,
            "augmented": 84
        },
        "resistances": {
            "fire": 3,
            "water": 0,
            "thunder": -3,
            "ice": 0,
            "dragon": -4
        },
        "attributes": {
            "gender": 3
        },
        "armorSetSkillIds": [
            7
        ]
    },
    {
        "id": 82,
        "name": "Baan Helm α",
        "rarity": 6,
        "abilityIds": [
            33
        ],
        "defense": {
            "base": 46,
            "max": 66,
            "augmented": 78
        },
        "resistances": {
            "fire": 0,
            "water": 2,
            "thunder": 0,
            "ice": -1,
            "dragon": -2
        },
        "attributes": {
            "gender": 3
        }
    },
    {
        "id": 83,
        "name": "Baan Helm β",
        "rarity": 6,
        "slots": [
            2
        ],
        "abilityIds": [
            32
        ],
        "defense": {
            "base": 46,
            "max": 66,
            "augmented": 78
        },
        "resistances": {
            "fire": 0,
            "water": 2,
            "thunder": 0,
            "ice": -1,
            "dragon": -2
        },
        "attributes": {
            "gender": 3
        }
    },
    {
        "id": 84,
        "name": "Gastodon Horn α",
        "rarity": 5,
        "abilityIds": [
            275,
            13
        ],
        "defense": {
            "base": 48,
            "max": 70,
            "augmented": 86
        },
        "resistances": {
            "fire": 3,
            "water": 0,
            "thunder": 0,
            "ice": 0,
            "dragon": 0
        },
        "attributes": {
            "gender": 3
        }
    },
    {
        "id": 85,
        "name": "Gastodon Horn β",
        "rarity": 5,
        "slots": [
            1
        ],
        "abilityIds": [
            275
        ],
        "defense": {
            "base": 48,
            "max": 70,
            "augmented": 86
        },
        "resistances": {
            "fire": 3,
            "water": 0,
            "thunder": 0,
            "ice": 0,
            "dragon": 0
        },
        "attributes": {
            "gender": 3
        }
    },
    {
        "id": 88,
        "name": "Dodogama Helm α",
        "rarity": 5,
        "abilityIds": [
            14
        ],
        "defense": {
            "base": 48,
            "max": 70,
            "augmented": 86
        },
        "resistances": {
            "fire": 2,
            "water": 0,
            "thunder": -3,
            "ice": 0,
            "dragon": 2
        },
        "attributes": {
            "gender": 3
        }
    },
    {
        "id": 89,
        "name": "Dodogama Helm β",
        "rarity": 5,
        "slots": [
            1
        ],
        "abilityIds": [
            13
        ],
        "defense": {
            "base": 48,
            "max": 70,
            "augmented": 86
        },
        "resistances": {
            "fire": 2,
            "water": 0,
            "thunder": -3,
            "ice": 0,
            "dragon": 2
        },
        "attributes": {
            "gender": 3
        }
    },
    {
        "id": 90,
        "name": "Zorah Headgear α",
        "rarity": 6,
        "abilityIds": [
            141,
            113
        ],
        "defense": {
            "base": 44,
            "max": 64,
            "augmented": 76
        },
        "resistances": {
            "fire": 4,
            "water": -3,
            "thunder": -1,
            "ice": -2,
            "dragon": -3
        },
        "attributes": {
            "gender": 3
        },
        "armorSetSkillIds": [
            8
        ]
    },
    {
        "id": 91,
        "name": "Zorah Headgear β",
        "rarity": 6,
        "slots": [
            1
        ],
        "abilityIds": [
            141
        ],
        "defense": {
            "base": 44,
            "max": 64,
            "augmented": 76
        },
        "resistances": {
            "fire": 4,
            "water": -3,
            "thunder": -1,
            "ice": -2,
            "dragon": -3
        },
        "attributes": {
            "gender": 3
        },
        "armorSetSkillIds": [
            8
        ]
    },
    {
        "id": 92,
        "name": "High Metal Helm α",
        "rarity": 6,
        "abilityIds": [
            68,
            22
        ],
        "defense": {
            "base": 50,
            "max": 70,
            "augmented": 82
        },
        "resistances": {
            "fire": 0,
            "water": -1,
            "thunder": -2,
            "ice": 3,
            "dragon": 0
        },
        "attributes": {
            "gender": 3
        }
    },
    {
        "id": 93,
        "name": "High Metal Helm β",
        "rarity": 6,
        "slots": [
            2
        ],
        "abilityIds": [
            68
        ],
        "defense": {
            "base": 50,
            "max": 70,
            "augmented": 82
        },
        "resistances": {
            "fire": 0,
            "water": -1,
            "thunder": -2,
            "ice": 3,
            "dragon": 0
        },
        "attributes": {
            "gender": 3
        }
    },
    {
        "id": 94,
        "name": "Ingot Helm α",
        "rarity": 6,
        "abilityIds": [
            95
        ],
        "defense": {
            "base": 50,
            "max": 70,
            "augmented": 82
        },
        "resistances": {
            "fire": -2,
            "water": 0,
            "thunder": 3,
            "ice": -1,
            "dragon": 0
        },
        "attributes": {
            "gender": 3
        }
    },
    {
        "id": 95,
        "name": "Ingot Helm β",
        "rarity": 6,
        "slots": [
            1
        ],
        "abilityIds": [
            94
        ],
        "defense": {
            "base": 50,
            "max": 70,
            "augmented": 82
        },
        "resistances": {
            "fire": -2,
            "water": 0,
            "thunder": 3,
            "ice": -1,
            "dragon": 0
        },
        "attributes": {
            "gender": 3
        }
    },
    {
        "id": 96,
        "name": "Brigade Lobos α",
        "rarity": 6,
        "abilityIds": [
            59,
            185
        ],
        "defense": {
            "base": 52,
            "max": 72,
            "augmented": 84
        },
        "resistances": {
            "fire": 1,
            "water": 0,
            "thunder": 2,
            "ice": 0,
            "dragon": 2
        },
        "attributes": {
            "gender": 3
        }
    },
    {
        "id": 97,
        "name": "Brigade Lobos β",
        "rarity": 6,
        "slots": [
            1
        ],
        "abilityIds": [
            59
        ],
        "defense": {
            "base": 52,
            "max": 72,
            "augmented": 84
        },
        "resistances": {
            "fire": 1,
            "water": 0,
            "thunder": 2,
            "ice": 0,
            "dragon": 2
        },
        "attributes": {
            "gender": 3
        }
    },
    {
        "id": 98,
        "name": "Faux Felyne α",
        "rarity": 6,
        "abilityIds": [
            256
        ],
        "defense": {
            "base": 56,
            "max": 76,
            "augmented": 88
        },
        "resistances": {
            "fire": 2,
            "water": 2,
            "thunder": 2,
            "ice": 2,
            "dragon": 2
        },
        "attributes": {
            "gender": 3
        }
    },
    {
        "id": 99,
        "name": "Strategist Spectacles α",
        "rarity": 6,
        "slots": [
            1
        ],
        "abilityIds": [
            123
        ],
        "defense": {
            "base": 56,
            "max": 76,
            "augmented": 88
        },
        "resistances": {
            "fire": 2,
            "water": 2,
            "thunder": 2,
            "ice": 2,
            "dragon": 2
        },
        "attributes": {
            "gender": 3
        }
    },
    {
        "id": 100,
        "name": "Lavasioth Helm α",
        "rarity": 6,
        "abilityIds": [
            80,
            222
        ],
        "defense": {
            "base": 56,
            "max": 76,
            "augmented": 88
        },
        "resistances": {
            "fire": 3,
            "water": -3,
            "thunder": 1,
            "ice": -2,
            "dragon": 2
        },
        "attributes": {
            "gender": 3
        }
    },
    {
        "id": 101,
        "name": "Lavasioth Helm β",
        "rarity": 6,
        "slots": [
            1,
            1
        ],
        "abilityIds": [
            79,
            222
        ],
        "defense": {
            "base": 56,
            "max": 76,
            "augmented": 88
        },
        "resistances": {
            "fire": 3,
            "water": -3,
            "thunder": 1,
            "ice": -2,
            "dragon": 2
        },
        "attributes": {
            "gender": 3
        }
    },
    {
        "id": 102,
        "name": "Legiana Helm α",
        "rarity": 6,
        "abilityIds": [
            252,
            89
        ],
        "defense": {
            "base": 54,
            "max": 74,
            "augmented": 86
        },
        "resistances": {
            "fire": -1,
            "water": 2,
            "thunder": -3,
            "ice": 3,
            "dragon": 0
        },
        "attributes": {
            "gender": 3
        },
        "armorSetSkillIds": [
            9
        ]
    },
    {
        "id": 103,
        "name": "Legiana Helm β",
        "rarity": 6,
        "slots": [
            1
        ],
        "abilityIds": [
            252
        ],
        "defense": {
            "base": 54,
            "max": 74,
            "augmented": 86
        },
        "resistances": {
            "fire": -1,
            "water": 2,
            "thunder": -3,
            "ice": 3,
            "dragon": 0
        },
        "attributes": {
            "gender": 3
        },
        "armorSetSkillIds": [
            9
        ]
    },
    {
        "id": 104,
        "name": "Odogaron Helm α",
        "rarity": 6,
        "abilityIds": [
            17,
            122
        ],
        "defense": {
            "base": 54,
            "max": 74,
            "augmented": 86
        },
        "resistances": {
            "fire": 2,
            "water": 2,
            "thunder": -2,
            "ice": -3,
            "dragon": 0
        },
        "attributes": {
            "gender": 3
        },
        "armorSetSkillIds": [
            10
        ]
    },
    {
        "id": 105,
        "name": "Odogaron Helm β",
        "rarity": 6,
        "slots": [
            2
        ],
        "abilityIds": [
            17
        ],
        "defense": {
            "base": 54,
            "max": 74,
            "augmented": 86
        },
        "resistances": {
            "fire": 2,
            "water": 2,
            "thunder": -2,
            "ice": -3,
            "dragon": 0
        },
        "attributes": {
            "gender": 3
        },
        "armorSetSkillIds": [
            10
        ]
    },
    {
        "id": 106,
        "name": "Rathalos Helm α",
        "rarity": 6,
        "abilityIds": [
            39,
            79
        ],
        "defense": {
            "base": 54,
            "max": 74,
            "augmented": 86
        },
        "resistances": {
            "fire": 3,
            "water": 1,
            "thunder": -2,
            "ice": 1,
            "dragon": -3
        },
        "attributes": {
            "gender": 3
        },
        "armorSetSkillIds": [
            11
        ]
    },
    {
        "id": 107,
        "name": "Rathalos Helm β",
        "rarity": 6,
        "slots": [
            1
        ],
        "abilityIds": [
            39
        ],
        "defense": {
            "base": 54,
            "max": 74,
            "augmented": 86
        },
        "resistances": {
            "fire": 3,
            "water": 1,
            "thunder": -2,
            "ice": 1,
            "dragon": -3
        },
        "attributes": {
            "gender": 3
        },
        "armorSetSkillIds": [
            11
        ]
    },
    {
        "id": 108,
        "name": "Rath Soul Helm α",
        "rarity": 7,
        "abilityIds": [
            129,
            305
        ],
        "defense": {
            "base": 56,
            "max": 68,
            "augmented": 82
        },
        "resistances": {
            "fire": 3,
            "water": 2,
            "thunder": 2,
            "ice": -3,
            "dragon": -4
        },
        "attributes": {
            "gender": 3
        },
        "armorSetSkillIds": [
            11
        ]
    },
    {
        "id": 109,
        "name": "Rath Soul Helm β",
        "rarity": 7,
        "slots": [
            1,
            1
        ],
        "abilityIds": [
            129
        ],
        "defense": {
            "base": 56,
            "max": 68,
            "augmented": 82
        },
        "resistances": {
            "fire": 3,
            "water": 2,
            "thunder": 2,
            "ice": -3,
            "dragon": -4
        },
        "attributes": {
            "gender": 3
        },
        "armorSetSkillIds": [
            11
        ]
    },
    {
        "id": 110,
        "name": "Diablos Helm α",
        "rarity": 6,
        "abilityIds": [
            147,
            173
        ],
        "defense": {
            "base": 54,
            "max": 74,
            "augmented": 86
        },
        "resistances": {
            "fire": 3,
            "water": -2,
            "thunder": 0,
            "ice": -3,
            "dragon": 2
        },
        "attributes": {
            "gender": 3
        },
        "armorSetSkillIds": [
            12
        ]
    },
    {
        "id": 111,
        "name": "Diablos Helm β",
        "rarity": 6,
        "slots": [
            2
        ],
        "abilityIds": [
            147
        ],
        "defense": {
            "base": 54,
            "max": 74,
            "augmented": 86
        },
        "resistances": {
            "fire": 3,
            "water": -2,
            "thunder": 0,
            "ice": -3,
            "dragon": 2
        },
        "attributes": {
            "gender": 3
        },
        "armorSetSkillIds": [
            12
        ]
    },
    {
        "id": 112,
        "name": "Diablos Nero Helm α",
        "rarity": 7,
        "slots": [
            1
        ],
        "abilityIds": [
            136
        ],
        "defense": {
            "base": 56,
            "max": 68,
            "augmented": 82
        },
        "resistances": {
            "fire": 2,
            "water": -3,
            "thunder": 0,
            "ice": -4,
            "dragon": 2
        },
        "attributes": {
            "gender": 3
        },
        "armorSetSkillIds": [
            12
        ]
    },
    {
        "id": 113,
        "name": "Diablos Nero Helm β",
        "rarity": 7,
        "slots": [
            3
        ],
        "abilityIds": [
            135
        ],
        "defense": {
            "base": 56,
            "max": 68,
            "augmented": 82
        },
        "resistances": {
            "fire": 2,
            "water": -3,
            "thunder": 0,
            "ice": -4,
            "dragon": 2
        },
        "attributes": {
            "gender": 3
        },
        "armorSetSkillIds": [
            12
        ]
    },
    {
        "id": 114,
        "name": "Uragaan Helm α",
        "rarity": 7,
        "slots": [
            3
        ],
        "abilityIds": [
            71
        ],
        "defense": {
            "base": 60,
            "max": 72,
            "augmented": 86
        },
        "resistances": {
            "fire": 4,
            "water": -3,
            "thunder": 1,
            "ice": -2,
            "dragon": -2
        },
        "attributes": {
            "gender": 3
        },
        "armorSetSkillIds": [
            13
        ]
    },
    {
        "id": 115,
        "name": "Uragaan Helm β",
        "rarity": 7,
        "slots": [
            3,
            1
        ],
        "abilityIds": [
            70
        ],
        "defense": {
            "base": 60,
            "max": 72,
            "augmented": 86
        },
        "resistances": {
            "fire": 4,
            "water": -3,
            "thunder": 1,
            "ice": -2,
            "dragon": -2
        },
        "attributes": {
            "gender": 3
        },
        "armorSetSkillIds": [
            13
        ]
    },
    {
        "id": 116,
        "name": "Bazel Helm α",
        "rarity": 7,
        "slots": [
            2
        ],
        "abilityIds": [
            23,
            113
        ],
        "defense": {
            "base": 58,
            "max": 70,
            "augmented": 84
        },
        "resistances": {
            "fire": 3,
            "water": 1,
            "thunder": -4,
            "ice": -2,
            "dragon": -2
        },
        "attributes": {
            "gender": 3
        },
        "armorSetSkillIds": [
            14
        ]
    },
    {
        "id": 117,
        "name": "Bazel Helm β",
        "rarity": 7,
        "slots": [
            3,
            1
        ],
        "abilityIds": [
            23
        ],
        "defense": {
            "base": 58,
            "max": 70,
            "augmented": 84
        },
        "resistances": {
            "fire": 3,
            "water": 1,
            "thunder": -4,
            "ice": -2,
            "dragon": -2
        },
        "attributes": {
            "gender": 3
        },
        "armorSetSkillIds": [
            14
        ]
    },
    {
        "id": 118,
        "name": "Damascus Helm α",
        "rarity": 7,
        "slots": [
            1
        ],
        "abilityIds": [
            46,
            237
        ],
        "defense": {
            "base": 60,
            "max": 72,
            "augmented": 86
        },
        "resistances": {
            "fire": 4,
            "water": -2,
            "thunder": 0,
            "ice": 0,
            "dragon": 0
        },
        "attributes": {
            "gender": 3
        }
    },
    {
        "id": 119,
        "name": "Damascus Helm β",
        "rarity": 7,
        "slots": [
            3
        ],
        "abilityIds": [
            46
        ],
        "defense": {
            "base": 60,
            "max": 72,
            "augmented": 86
        },
        "resistances": {
            "fire": 4,
            "water": -2,
            "thunder": 0,
            "ice": 0,
            "dragon": 0
        },
        "attributes": {
            "gender": 3
        }
    },
    {
        "id": 120,
        "name": "Dober Helm α",
        "rarity": 7,
        "abilityIds": [
            119,
            73
        ],
        "defense": {
            "base": 60,
            "max": 72,
            "augmented": 86
        },
        "resistances": {
            "fire": -2,
            "water": 0,
            "thunder": -1,
            "ice": -1,
            "dragon": 4
        },
        "attributes": {
            "gender": 3
        }
    },
    {
        "id": 121,
        "name": "Dober Helm β",
        "rarity": 7,
        "slots": [
            1
        ],
        "abilityIds": [
            119
        ],
        "defense": {
            "base": 60,
            "max": 72,
            "augmented": 86
        },
        "resistances": {
            "fire": -2,
            "water": 0,
            "thunder": -1,
            "ice": -1,
            "dragon": 4
        },
        "attributes": {
            "gender": 3
        }
    },
    {
        "id": 122,
        "name": "Death Stench Brain α",
        "rarity": 7,
        "slots": [
            2
        ],
        "abilityIds": [
            184,
            122
        ],
        "defense": {
            "base": 62,
            "max": 74,
            "augmented": 88
        },
        "resistances": {
            "fire": 3,
            "water": 2,
            "thunder": -2,
            "ice": 3,
            "dragon": -4
        },
        "attributes": {
            "gender": 3
        }
    },
    {
        "id": 123,
        "name": "Death Stench Brain β",
        "rarity": 7,
        "slots": [
            3
        ],
        "abilityIds": [
            184
        ],
        "defense": {
            "base": 62,
            "max": 74,
            "augmented": 88
        },
        "resistances": {
            "fire": 3,
            "water": 2,
            "thunder": -2,
            "ice": 3,
            "dragon": -4
        },
        "attributes": {
            "gender": 3
        }
    },
    {
        "id": 124,
        "name": "Skull Mask α",
        "rarity": 7,
        "slots": [
            2
        ],
        "abilityIds": [
            141
        ],
        "defense": {
            "base": 64,
            "max": 76,
            "augmented": 90
        },
        "resistances": {
            "fire": -3,
            "water": -1,
            "thunder": -1,
            "ice": -1,
            "dragon": 2
        },
        "attributes": {
            "gender": 3
        }
    },
    {
        "id": 125,
        "name": "Nergigante Helm α",
        "rarity": 8,
        "slots": [
            1
        ],
        "abilityIds": [
            267,
            38
        ],
        "defense": {
            "base": 64,
            "max": 70,
            "augmented": 84
        },
        "resistances": {
            "fire": 1,
            "water": 1,
            "thunder": -3,
            "ice": 1,
            "dragon": -3
        },
        "attributes": {
            "gender": 3
        },
        "armorSetSkillIds": [
            15
        ]
    },
    {
        "id": 126,
        "name": "Nergigante Helm β",
        "rarity": 8,
        "slots": [
            1,
            1
        ],
        "abilityIds": [
            267
        ],
        "defense": {
            "base": 64,
            "max": 70,
            "augmented": 84
        },
        "resistances": {
            "fire": 1,
            "water": 1,
            "thunder": -3,
            "ice": 1,
            "dragon": -3
        },
        "attributes": {
            "gender": 3
        },
        "armorSetSkillIds": [
            15
        ]
    },
    {
        "id": 127,
        "name": "Kaiser Crown α",
        "rarity": 8,
        "abilityIds": [
            161
        ],
        "defense": {
            "base": 64,
            "max": 70,
            "augmented": 84
        },
        "resistances": {
            "fire": 3,
            "water": -3,
            "thunder": 1,
            "ice": -3,
            "dragon": 1
        },
        "attributes": {
            "gender": 3
        },
        "armorSetSkillIds": [
            16
        ]
    },
    {
        "id": 128,
        "name": "Kaiser Crown β",
        "rarity": 8,
        "slots": [
            2
        ],
        "abilityIds": [
            160
        ],
        "defense": {
            "base": 64,
            "max": 70,
            "augmented": 84
        },
        "resistances": {
            "fire": 3,
            "water": -3,
            "thunder": 1,
            "ice": -3,
            "dragon": 1
        },
        "attributes": {
            "gender": 3
        },
        "armorSetSkillIds": [
            16
        ]
    },
    {
        "id": 129,
        "name": "Kushala Glare α",
        "rarity": 8,
        "abilityIds": [
            90,
            141
        ],
        "defense": {
            "base": 64,
            "max": 70,
            "augmented": 84
        },
        "resistances": {
            "fire": 0,
            "water": 2,
            "thunder": -3,
            "ice": 4,
            "dragon": -2
        },
        "attributes": {
            "gender": 3
        },
        "armorSetSkillIds": [
            17
        ]
    },
    {
        "id": 130,
        "name": "Kushala Glare β",
        "rarity": 8,
        "slots": [
            1,
            1,
            1
        ],
        "abilityIds": [
            90
        ],
        "defense": {
            "base": 64,
            "max": 70,
            "augmented": 84
        },
        "resistances": {
            "fire": 0,
            "water": 2,
            "thunder": -3,
            "ice": 4,
            "dragon": -2
        },
        "attributes": {
            "gender": 3
        },
        "armorSetSkillIds": [
            17
        ]
    },
    {
        "id": 131,
        "name": "Vaal Hazak Helm α",
        "rarity": 8,
        "abilityIds": [
            170,
            100
        ],
        "defense": {
            "base": 64,
            "max": 70,
            "augmented": 84
        },
        "resistances": {
            "fire": -4,
            "water": 4,
            "thunder": 1,
            "ice": -1,
            "dragon": -3
        },
        "attributes": {
            "gender": 3
        },
        "armorSetSkillIds": [
            18
        ]
    },
    {
        "id": 132,
        "name": "Vaal Hazak Helm β",
        "rarity": 8,
        "slots": [
            1
        ],
        "abilityIds": [
            170
        ],
        "defense": {
            "base": 64,
            "max": 70,
            "augmented": 84
        },
        "resistances": {
            "fire": -4,
            "water": 4,
            "thunder": 1,
            "ice": -1,
            "dragon": -3
        },
        "attributes": {
            "gender": 3
        },
        "armorSetSkillIds": [
            18
        ]
    },
    {
        "id": 133,
        "name": "Kirin Horn α",
        "rarity": 8,
        "abilityIds": [
            195,
            251
        ],
        "defense": {
            "base": 64,
            "max": 70,
            "augmented": 84
        },
        "resistances": {
            "fire": -3,
            "water": -2,
            "thunder": 4,
            "ice": -2,
            "dragon": 2
        },
        "attributes": {
            "gender": 3
        },
        "armorSetSkillIds": [
            19
        ]
    },
    {
        "id": 134,
        "name": "Kirin Horn β",
        "rarity": 8,
        "slots": [
            1
        ],
        "abilityIds": [
            195
        ],
        "defense": {
            "base": 64,
            "max": 70,
            "augmented": 84
        },
        "resistances": {
            "fire": -3,
            "water": -2,
            "thunder": 4,
            "ice": -2,
            "dragon": 2
        },
        "attributes": {
            "gender": 3
        },
        "armorSetSkillIds": [
            19
        ]
    },
    {
        "id": 135,
        "name": "Xeno'jiiva Headgear α",
        "rarity": 8,
        "slots": [
            1
        ],
        "abilityIds": [
            275,
            187
        ],
        "defense": {
            "base": 72,
            "max": 78,
            "augmented": 92
        },
        "resistances": {
            "fire": -3,
            "water": 2,
            "thunder": 2,
            "ice": 2,
            "dragon": -4
        },
        "attributes": {
            "gender": 3
        },
        "armorSetSkillIds": [
            20
        ]
    },
    {
        "id": 136,
        "name": "Xeno'jiiva Headgear β",
        "rarity": 8,
        "slots": [
            2
        ],
        "abilityIds": [
            275
        ],
        "defense": {
            "base": 72,
            "max": 78,
            "augmented": 92
        },
        "resistances": {
            "fire": -3,
            "water": 2,
            "thunder": 2,
            "ice": 2,
            "dragon": -4
        },
        "attributes": {
            "gender": 3
        },
        "armorSetSkillIds": [
            20
        ]
    },
    {
        "id": 137,
        "name": "Guild Cross Circlet α",
        "rarity": 8,
        "slots": [
            1
        ],
        "abilityIds": [
            252,
            71
        ],
        "defense": {
            "base": 62,
            "max": 68,
            "augmented": 82
        },
        "resistances": {
            "fire": 0,
            "water": 0,
            "thunder": 0,
            "ice": 0,
            "dragon": 0
        },
        "attributes": {
            "gender": 3
        },
        "armorSetSkillIds": [
            21
        ]
    },
    {
        "id": 138,
        "name": "Guild Cross Circlet β",
        "rarity": 8,
        "slots": [
            1,
            1,
            1
        ],
        "abilityIds": [
            252
        ],
        "defense": {
            "base": 62,
            "max": 68,
            "augmented": 82
        },
        "resistances": {
            "fire": 0,
            "water": 0,
            "thunder": 0,
            "ice": 0,
            "dragon": 0
        },
        "attributes": {
            "gender": 3
        },
        "armorSetSkillIds": [
            21
        ]
    },
    {
        "id": 139,
        "name": "Dragonking Eyepatch α",
        "rarity": 8,
        "slots": [
            3
        ],
        "abilityIds": [
            133
        ],
        "defense": {
            "base": 70,
            "max": 76,
            "augmented": 90
        },
        "resistances": {
            "fire": 0,
            "water": 0,
            "thunder": 0,
            "ice": 0,
            "dragon": 0
        },
        "attributes": {
            "gender": 3
        }
    },
    {
        "id": 140,
        "name": "Commission Gorget α",
        "rarity": 8,
        "slots": [
            1
        ],
        "abilityIds": [
            300,
            248
        ],
        "defense": {
            "base": 70,
            "max": 76,
            "augmented": 90
        },
        "resistances": {
            "fire": 2,
            "water": 2,
            "thunder": 2,
            "ice": 2,
            "dragon": 2
        },
        "attributes": {
            "gender": 3
        },
        "armorSetSkillIds": [
            22
        ]
    },
    {
        "id": 141,
        "name": "Commission Gorget β",
        "rarity": 8,
        "slots": [
            2
        ],
        "abilityIds": [
            300
        ],
        "defense": {
            "base": 70,
            "max": 76,
            "augmented": 90
        },
        "resistances": {
            "fire": 2,
            "water": 2,
            "thunder": 2,
            "ice": 2,
            "dragon": 2
        },
        "attributes": {
            "gender": 3
        },
        "armorSetSkillIds": [
            22
        ]
    },
    {
        "id": 142,
        "name": "Vangis Helm α",
        "rarity": 7,
        "slots": [
            1
        ],
        "abilityIds": [
            149,
            141
        ],
        "defense": {
            "base": 58,
            "max": 70,
            "augmented": 84
        },
        "resistances": {
            "fire": 1,
            "water": 1,
            "thunder": -3,
            "ice": 2,
            "dragon": -3
        },
        "attributes": {
            "gender": 3
        },
        "eventId": 0
    },
    {
        "id": 143,
        "name": "Vangis Helm β",
        "rarity": 7,
        "slots": [
            3,
            1
        ],
        "abilityIds": [
            149
        ],
        "defense": {
            "base": 58,
            "max": 70,
            "augmented": 84
        },
        "resistances": {
            "fire": 1,
            "water": 1,
            "thunder": -3,
            "ice": 2,
            "dragon": -3
        },
        "attributes": {
            "gender": 3
        },
        "eventId": 0
    },
    {
        "id": 144,
        "name": "Empress Crown α",
        "rarity": 8,
        "slots": [
            3,
            1
        ],
        "abilityIds": [
            215,
            300
        ],
        "defense": {
            "base": 70,
            "max": 76,
            "augmented": 90
        },
        "resistances": {
            "fire": 3,
            "water": 1,
            "thunder": 1,
            "ice": -3,
            "dragon": -2
        },
        "attributes": {
            "gender": 3
        },
        "armorSetSkillIds": [
            23
        ],
        "eventId": 14
    },
    {
        "id": 145,
        "name": "Empress Crown β",
        "rarity": 8,
        "slots": [
            3,
            2
        ],
        "abilityIds": [
            215
        ],
        "defense": {
            "base": 70,
            "max": 76,
            "augmented": 90
        },
        "resistances": {
            "fire": 3,
            "water": 1,
            "thunder": 1,
            "ice": -3,
            "dragon": -2
        },
        "attributes": {
            "gender": 3
        },
        "armorSetSkillIds": [
            23
        ],
        "eventId": 14
    },
    {
        "id": 146,
        "name": "Drachen Armet α",
        "rarity": 8,
        "slots": [
            3,
            1
        ],
        "abilityIds": [
            129,
            159
        ],
        "defense": {
            "base": 72,
            "max": 78,
            "augmented": 92
        },
        "resistances": {
            "fire": -2,
            "water": -2,
            "thunder": 3,
            "ice": -2,
            "dragon": 4
        },
        "attributes": {
            "gender": 3
        },
        "armorSetSkillIds": [
            24
        ],
        "eventId": 19
    },
    {
        "id": 147,
        "name": "Aloy's Head α",
        "rarity": 5,
        "slots": [
            3
        ],
        "abilityIds": [
            303
        ],
        "defense": {
            "base": 46,
            "max": 68,
            "augmented": 84
        },
        "resistances": {
            "fire": 1,
            "water": 1,
            "thunder": 1,
            "ice": 1,
            "dragon": 1
        },
        "attributes": {
            "gender": 3
        },
        "armorSetSkillIds": [
            6
        ],
        "fullArmorSetId": 0,
        "eventId": 1
    },
    {
        "id": 148,
        "name": "Ryu's Head",
        "rarity": 2,
        "abilityIds": [
            38
        ],
        "defense": {
            "base": 12,
            "max": 44,
            "augmented": 70
        },
        "resistances": {
            "fire": 2,
            "water": 0,
            "thunder": 5,
            "ice": -3,
            "dragon": 2
        },
        "attributes": {
            "gender": 3
        },
        "fullArmorSetId": 1,
        "eventId": 2
    },
    {
        "id": 149,
        "name": "Ryu's Head α",
        "rarity": 7,
        "slots": [
            1,
            1
        ],
        "abilityIds": [
            38,
            197
        ],
        "defense": {
            "base": 60,
            "max": 72,
            "augmented": 86
        },
        "resistances": {
            "fire": 2,
            "water": 0,
            "thunder": 5,
            "ice": -3,
            "dragon": 2
        },
        "attributes": {
            "gender": 3
        },
        "armorSetSkillIds": [
            11
        ],
        "fullArmorSetId": 2,
        "eventId": 3
    },
    {
        "id": 150,
        "name": "Sakura's Head α",
        "rarity": 6,
        "slots": [
            1,
            1
        ],
        "abilityIds": [
            38,
            209
        ],
        "defense": {
            "base": 50,
            "max": 70,
            "augmented": 82
        },
        "resistances": {
            "fire": 0,
            "water": 4,
            "thunder": 0,
            "ice": 4,
            "dragon": -2
        },
        "attributes": {
            "gender": 3
        },
        "armorSetSkillIds": [
            7
        ],
        "fullArmorSetId": 3,
        "eventId": 4
    },
    {
        "id": 151,
        "name": "Butterfly Vertex",
        "rarity": 3,
        "abilityIds": [
            9
        ],
        "defense": {
            "base": 22,
            "max": 50,
            "augmented": 74
        },
        "resistances": {
            "fire": -1,
            "water": -1,
            "thunder": 2,
            "ice": 0,
            "dragon": 2
        },
        "attributes": {
            "gender": 1
        },
        "eventId": 5
    },
    {
        "id": 152,
        "name": "Queen Beetle Vertex",
        "rarity": 3,
        "abilityIds": [
            9
        ],
        "defense": {
            "base": 22,
            "max": 50,
            "augmented": 74
        },
        "resistances": {
            "fire": -1,
            "water": -1,
            "thunder": 2,
            "ice": 0,
            "dragon": 2
        },
        "attributes": {
            "gender": 2
        },
        "eventId": 5
    },
    {
        "id": 153,
        "name": "Blossom Headgear",
        "rarity": 3,
        "abilityIds": [
            249
        ],
        "defense": {
            "base": 18,
            "max": 46,
            "augmented": 70
        },
        "resistances": {
            "fire": 1,
            "water": 1,
            "thunder": 4,
            "ice": 1,
            "dragon": 1
        },
        "attributes": {
            "gender": 3
        },
        "eventId": 6
    },
    {
        "id": 154,
        "name": "Blossom Headgear α",
        "rarity": 5,
        "slots": [
            1,
            1
        ],
        "abilityIds": [
            249
        ],
        "defense": {
            "base": 40,
            "max": 62,
            "augmented": 78
        },
        "resistances": {
            "fire": 1,
            "water": 1,
            "thunder": 4,
            "ice": 1,
            "dragon": 1
        },
        "attributes": {
            "gender": 3
        },
        "eventId": 6
    },
    {
        "id": 155,
        "name": "Harvest Flor",
        "rarity": 3,
        "abilityIds": [
            135
        ],
        "defense": {
            "base": 26,
            "max": 54,
            "augmented": 78
        },
        "resistances": {
            "fire": 4,
            "water": 1,
            "thunder": 1,
            "ice": 1,
            "dragon": 1
        },
        "attributes": {
            "gender": 3
        },
        "eventId": 22
    },
    {
        "id": 156,
        "name": "Harvest Flor α",
        "rarity": 6,
        "slots": [
            1,
            2
        ],
        "abilityIds": [
            135
        ],
        "defense": {
            "base": 52,
            "max": 72,
            "augmented": 84
        },
        "resistances": {
            "fire": 4,
            "water": 1,
            "thunder": 1,
            "ice": 1,
            "dragon": 1
        },
        "attributes": {
            "gender": 3
        },
        "eventId": 22
    },
    {
        "id": 157,
        "name": "Kulve Taroth's Fury α",
        "rarity": 8,
        "slots": [
            1
        ],
        "abilityIds": [
            119,
            166
        ],
        "defense": {
            "base": 64,
            "max": 70,
            "augmented": 84
        },
        "resistances": {
            "fire": 4,
            "water": -2,
            "thunder": 3,
            "ice": -4,
            "dragon": -2
        },
        "attributes": {
            "gender": 3
        },
        "eventId": 7
    },
    {
        "id": 158,
        "name": "Kulve Taroth's Fury β",
        "rarity": 8,
        "slots": [
            2,
            1
        ],
        "abilityIds": [
            119,
            165
        ],
        "defense": {
            "base": 64,
            "max": 70,
            "augmented": 84
        },
        "resistances": {
            "fire": 4,
            "water": -2,
            "thunder": 3,
            "ice": -4,
            "dragon": -2
        },
        "attributes": {
            "gender": 3
        },
        "eventId": 7
    },
    {
        "id": 159,
        "name": "Dante's Hair α",
        "rarity": 8,
        "slots": [
            1
        ],
        "abilityIds": [
            132,
            122
        ],
        "defense": {
            "base": 64,
            "max": 70,
            "augmented": 84
        },
        "resistances": {
            "fire": 3,
            "water": -3,
            "thunder": 3,
            "ice": -3,
            "dragon": 3
        },
        "attributes": {
            "gender": 3
        },
        "eventId": 8
    },
    {
        "id": 160,
        "name": "Azure Starlord Crown α",
        "rarity": 7,
        "slots": [
            3
        ],
        "abilityIds": [
            165
        ],
        "defense": {
            "base": 56,
            "max": 68,
            "augmented": 82
        },
        "resistances": {
            "fire": 2,
            "water": 2,
            "thunder": 0,
            "ice": 0,
            "dragon": 3
        },
        "attributes": {
            "gender": 3
        },
        "armorSetSkillIds": [
            11
        ],
        "eventId": 9
    },
    {
        "id": 161,
        "name": "Kirin Horn γ",
        "rarity": 8,
        "slots": [
            2
        ],
        "abilityIds": [
            76,
            96
        ],
        "defense": {
            "base": 72,
            "max": 78,
            "augmented": 92
        },
        "resistances": {
            "fire": -3,
            "water": -2,
            "thunder": 4,
            "ice": -2,
            "dragon": 2
        },
        "attributes": {
            "gender": 3
        },
        "armorSetSkillIds": [
            19
        ],
        "eventId": 15
    },
    {
        "id": 162,
        "name": "Vaal Hazak Helm γ",
        "rarity": 8,
        "slots": [
            3
        ],
        "abilityIds": [
            56,
            99
        ],
        "defense": {
            "base": 72,
            "max": 78,
            "augmented": 92
        },
        "resistances": {
            "fire": -4,
            "water": 4,
            "thunder": 1,
            "ice": -1,
            "dragon": -3
        },
        "attributes": {
            "gender": 3
        },
        "armorSetSkillIds": [
            18
        ],
        "eventId": 16
    },
    {
        "id": 163,
        "name": "Kaiser Crown γ",
        "rarity": 8,
        "slots": [
            2,
            2
        ],
        "abilityIds": [
            123
        ],
        "defense": {
            "base": 72,
            "max": 78,
            "augmented": 92
        },
        "resistances": {
            "fire": 3,
            "water": -3,
            "thunder": 1,
            "ice": -3,
            "dragon": 1
        },
        "attributes": {
            "gender": 3
        },
        "armorSetSkillIds": [
            16
        ],
        "eventId": 20
    },
    {
        "id": 164,
        "name": "Kushala Glare γ",
        "rarity": 8,
        "slots": [
            2
        ],
        "abilityIds": [
            142
        ],
        "defense": {
            "base": 72,
            "max": 78,
            "augmented": 92
        },
        "resistances": {
            "fire": 0,
            "water": 2,
            "thunder": -3,
            "ice": 4,
            "dragon": -2
        },
        "attributes": {
            "gender": 3
        },
        "armorSetSkillIds": [
            17
        ],
        "eventId": 21
    },
    {
        "id": 165,
        "name": "Empress Crown γ",
        "rarity": 8,
        "slots": [
            1,
            1,
            1
        ],
        "abilityIds": [
            226,
            170
        ],
        "defense": {
            "base": 70,
            "max": 76,
            "augmented": 90
        },
        "resistances": {
            "fire": 3,
            "water": 1,
            "thunder": 1,
            "ice": -3,
            "dragon": -2
        },
        "attributes": {
            "gender": 3
        },
        "armorSetSkillIds": [
            23
        ],
        "eventId": 14
    },
    {
        "id": 166,
        "name": "Zorah Headgear γ",
        "rarity": 8,
        "slots": [
            2
        ],
        "abilityIds": [
            28,
            123
        ],
        "defense": {
            "base": 72,
            "max": 78,
            "augmented": 92
        },
        "resistances": {
            "fire": 4,
            "water": -3,
            "thunder": -1,
            "ice": -2,
            "dragon": -3
        },
        "attributes": {
            "gender": 3
        },
        "armorSetSkillIds": [
            8
        ],
        "eventId": 24
    },
    {
        "id": 167,
        "name": "Xeno'jiiva Headgear γ",
        "rarity": 8,
        "slots": [
            2,
            1,
            1
        ],
        "abilityIds": [
            77,
            138
        ],
        "defense": {
            "base": 72,
            "max": 78,
            "augmented": 92
        },
        "resistances": {
            "fire": -3,
            "water": 2,
            "thunder": 2,
            "ice": 2,
            "dragon": -4
        },
        "attributes": {
            "gender": 3
        },
        "armorSetSkillIds": [
            20
        ]
    },
    {
        "id": 168,
        "name": "Diver's Mask",
        "rarity": 3,
        "abilityIds": [
            194
        ],
        "defense": {
            "base": 22,
            "max": 50,
            "augmented": 74
        },
        "resistances": {
            "fire": 1,
            "water": 4,
            "thunder": 1,
            "ice": 1,
            "dragon": 1
        },
        "attributes": {
            "gender": 3
        },
        "eventId": 17
    },
    {
        "id": 169,
        "name": "Diver's Mask α",
        "rarity": 5,
        "slots": [
            2
        ],
        "abilityIds": [
            194
        ],
        "defense": {
            "base": 46,
            "max": 68,
            "augmented": 84
        },
        "resistances": {
            "fire": 1,
            "water": 4,
            "thunder": 4,
            "ice": 1,
            "dragon": 1
        },
        "attributes": {
            "gender": 3
        },
        "eventId": 17
    },
    {
        "id": 170,
        "name": "Butterfly Vertex α",
        "rarity": 5,
        "slots": [
            1
        ],
        "abilityIds": [
            10,
            45
        ],
        "defense": {
            "base": 42,
            "max": 64,
            "augmented": 80
        },
        "resistances": {
            "fire": -1,
            "water": -1,
            "thunder": 2,
            "ice": 0,
            "dragon": 2
        },
        "attributes": {
            "gender": 1
        },
        "eventId": 18
    },
    {
        "id": 171,
        "name": "Butterfly Vertex β",
        "rarity": 5,
        "slots": [
            2
        ],
        "abilityIds": [
            10
        ],
        "defense": {
            "base": 42,
            "max": 64,
            "augmented": 80
        },
        "resistances": {
            "fire": -1,
            "water": -1,
            "thunder": 2,
            "ice": 0,
            "dragon": 2
        },
        "attributes": {
            "gender": 1
        },
        "eventId": 18
    },
    {
        "id": 172,
        "name": "Queen Beetle Vertex α",
        "rarity": 5,
        "slots": [
            1
        ],
        "abilityIds": [
            10,
            45
        ],
        "defense": {
            "base": 42,
            "max": 64,
            "augmented": 80
        },
        "resistances": {
            "fire": -1,
            "water": -1,
            "thunder": 2,
            "ice": 0,
            "dragon": 2
        },
        "attributes": {
            "gender": 2
        },
        "eventId": 18
    },
    {
        "id": 173,
        "name": "Queen Beetle Vertex β",
        "rarity": 5,
        "slots": [
            2
        ],
        "abilityIds": [
            10
        ],
        "defense": {
            "base": 42,
            "max": 64,
            "augmented": 80
        },
        "resistances": {
            "fire": -1,
            "water": -1,
            "thunder": 2,
            "ice": 0,
            "dragon": 2
        },
        "attributes": {
            "gender": 2
        },
        "eventId": 18
    },
    {
        "id": 174,
        "name": "Sealed Eyepatch α",
        "rarity": 5,
        "slots": [
            2,
            1
        ],
        "abilityIds": [
            61
        ],
        "defense": {
            "base": 46,
            "max": 68,
            "augmented": 84
        },
        "resistances": {
            "fire": 3,
            "water": 2,
            "thunder": 0,
            "ice": 2,
            "dragon": 0
        },
        "attributes": {
            "gender": 3
        },
        "eventId": 10
    },
    {
        "id": 175,
        "name": "Shadow Shades α",
        "rarity": 5,
        "slots": [
            1,
            1,
            1
        ],
        "abilityIds": [
            9
        ],
        "defense": {
            "base": 46,
            "max": 68,
            "augmented": 84
        },
        "resistances": {
            "fire": 4,
            "water": 0,
            "thunder": 4,
            "ice": 2,
            "dragon": 0
        },
        "attributes": {
            "gender": 3
        },
        "eventId": 11
    },
    {
        "id": 176,
        "name": "Kulu-Ya-Ku Head α",
        "rarity": 5,
        "slots": [
            3,
            1
        ],
        "abilityIds": [
            247
        ],
        "defense": {
            "base": 46,
            "max": 68,
            "augmented": 84
        },
        "resistances": {
            "fire": 2,
            "water": 0,
            "thunder": 2,
            "ice": 3,
            "dragon": 2
        },
        "attributes": {
            "gender": 3
        },
        "eventId": 12
    },
    {
        "id": 177,
        "name": "Wiggler Head",
        "rarity": 5,
        "slots": [
            1,
            1
        ],
        "abilityIds": [
            226
        ],
        "defense": {
            "base": 46,
            "max": 68,
            "augmented": 84
        },
        "resistances": {
            "fire": 0,
            "water": 4,
            "thunder": 0,
            "ice": 0,
            "dragon": 4
        },
        "attributes": {
            "gender": 3
        },
        "eventId": 13
    },
    {
        "id": 178,
        "name": "Dragonseal Earrings α",
        "rarity": 7,
        "abilityIds": [
            331
        ],
        "defense": {
            "base": 60,
            "max": 72,
            "augmented": 86
        },
        "resistances": {
            "fire": 0,
            "water": 0,
            "thunder": 0,
            "ice": 0,
            "dragon": 0
        },
        "attributes": {
            "gender": 3
        }
    },
    {
        "id": 179,
        "name": "Pulverizing Feather",
        "rarity": 4,
        "abilityIds": [
            242
        ],
        "defense": {
            "base": 32,
            "max": 56,
            "augmented": 76
        },
        "resistances": {
            "fire": 0,
            "water": 0,
            "thunder": 0,
            "ice": 0,
            "dragon": 0
        },
        "attributes": {
            "gender": 3
        }
    }
]