[
    {
        "id": 0,
        "name": "Deviljho Armor"
    },
    {
        "id": 1,
        "name": "Aloy's Armor (full set)"
    },
    {
        "id": 2,
        "name": "Ryu's Armor (full set)"
    },
    {
        "id": 3,
        "name": "Ryu's α Armor (full set)"
    },
    {
        "id": 4,
        "name": "Sakura's Armor (full set)"
    },
    {
        "id": 5,
        "name": "Butterfly/Queen Beetle Armor"
    },
    {
        "id": 6,
        "name": "Blossom/Blossom α Armor"
    },
    {
        "id": 7,
        "name": "Kulve Taroth Armor"
    },
    {
        "id": 8,
        "name": "Dante's Armor"
    },
    {
        "id": 9,
        "name": "Azure Starlord Armor"
    },
    {
        "id": 10,
        "name": "Sealed Eyepatch α"
    },
    {
        "id": 11,
        "name": "Shadow Shades α"
    },
    {
        "id": 12,
        "name": "Kulu-Ya-Ku Head α"
    },
    {
        "id": 13,
        "name": "Wiggler Head"
    },
    {
        "id": 14,
        "name": "Lunastra Armor"
    },
    {
        "id": 15,
        "name": "Kirin γ Armor"
    },
    {
        "id": 16,
        "name": "Vaal Hazak γ Armor"
    },
    {
        "id": 17,
        "name": "Diver's/Diver's α Armor"
    },
    {
        "id": 18,
        "name": "Butterfly α+β/Queen Beetle α+β Armor"
    },
    {
        "id": 19,
        "name": "Drachen α Armor"
    },
    {
        "id": 20,
        "name": "Teostra γ Armor"
    },
    {
        "id": 21,
        "name": "Kushala Daora γ Armor"
    }
]